{"type":"minecraft:block","pools":[{"rolls":1,"bonus_rolls":0,"entries":[{"type":"minecraft:item","weight":3,"name":"minecraft:big_dripleaf"},{"type":"minecraft:item","weight":1,"name":"minecraft:small_dripleaf","functions":[{"function":"minecraft:set_count","count":{"min":1,"max":2},"conditions":[{"condition":"minecraft:match_tool","predicate":{"items":["minecraft:shears"]}},{"condition":"minecraft:value_check","value":{"type":"minecraft:score","target":{"type":"minecraft:fixed","name":"skyvoid_additions"},"score":"load.status"},"range":1},{"condition":"minecraft:value_check","value":{"type":"minecraft:score","target":{"type":"minecraft:fixed","name":"small_dripleaf_sheared"},"score":"skyvoid_config"},"range":1}]}]}],"conditions":[{"condition":"minecraft:survives_explosion"}]}],"random_sequence":"minecraft:blocks/big_dripleaf"}