{"type":"minecraft:gift","pools":[{"bonus_rolls":0.0,"entries":[{"type":"minecraft:item","weight":5,"name":"minecraft:chainmail_helmet"},{"type":"minecraft:item","weight":5,"name":"minecraft:chainmail_chestplate"},{"type":"minecraft:item","weight":5,"name":"minecraft:chainmail_leggings"},{"type":"minecraft:item","weight":5,"name":"minecraft:chainmail_boots"},{"type":"minecraft:loot_table","weight":1,"name":"skyvoid_additions:gameplay/armor_trim_armorer_gift/gift_by_biome","conditions":[{"condition":"minecraft:value_check","value":{"type":"minecraft:score","target":{"type":"minecraft:fixed","name":"skyvoid_additions"},"score":"load.status"},"range":1},{"condition":"minecraft:value_check","value":{"type":"minecraft:score","target":{"type":"minecraft:fixed","name":"armor_trim_armorer_gift"},"score":"skyvoid_config"},"range":1}]}],"rolls":1.0}],"random_sequence":"minecraft:gameplay/hero_of_the_village/armorer_gift"}