{"type":"minecraft:gift","pools":[{"rolls":1,"bonus_rolls":0,"entries":[{"type":"minecraft:item","weight":9,"name":"minecraft:book"},{"type":"minecraft:item","weight":1,"name":"minecraft:book","functions":[{"function":"minecraft:set_enchantments","enchantments":{"minecraft:swift_sneak":1}}],"conditions":[{"condition":"minecraft:location_check","predicate":{"structure":"minecraft:ancient_city"}},{"condition":"minecraft:value_check","value":{"type":"minecraft:score","target":{"type":"minecraft:fixed","name":"skyvoid_additions"},"score":"load.status"},"range":1},{"condition":"minecraft:value_check","value":{"type":"minecraft:score","target":{"type":"minecraft:fixed","name":"swift_sneak_librarian_gift"},"score":"skyvoid_config"},"range":1}]}]}],"random_sequence":"minecraft:gameplay/hero_of_the_village/librarian_gift"}