{"type":"minecraft:gift","pools":[{"bonus_rolls":0.0,"entries":[{"type":"minecraft:item","weight":30,"name":"minecraft:clay"},{"type":"minecraft:loot_table","weight":1,"name":"skyvoid_additions:gameplay/pottery_sherd_mason_gift/gift_by_biome","conditions":[{"condition":"minecraft:value_check","value":{"type":"minecraft:score","target":{"type":"minecraft:fixed","name":"skyvoid_additions"},"score":"load.status"},"range":1},{"condition":"minecraft:value_check","value":{"type":"minecraft:score","target":{"type":"minecraft:fixed","name":"pottery_sherd_mason_gift"},"score":"skyvoid_config"},"range":1}]}],"rolls":1.0}],"random_sequence":"minecraft:gameplay/hero_of_the_village/mason_gift"}