{"type":"minecraft:fishing","pools":[{"rolls":1,"bonus_rolls":0,"entries":[{"type":"minecraft:item","weight":17,"name":"minecraft:lily_pad"},{"type":"minecraft:item","weight":10,"name":"minecraft:leather_boots","functions":[{"function":"minecraft:set_damage","damage":{"type":"minecraft:uniform","min":0,"max":0.9},"add":false}]},{"type":"minecraft:item","weight":10,"name":"minecraft:leather"},{"type":"minecraft:item","weight":10,"name":"minecraft:bone"},{"type":"minecraft:item","weight":10,"name":"minecraft:potion","functions":[{"function":"minecraft:set_potion","id":"minecraft:water"}]},{"type":"minecraft:item","weight":5,"name":"minecraft:string"},{"type":"minecraft:item","weight":2,"name":"minecraft:fishing_rod","functions":[{"function":"minecraft:set_damage","damage":{"type":"minecraft:uniform","min":0,"max":0.9},"add":false}]},{"type":"minecraft:item","weight":10,"name":"minecraft:bowl"},{"type":"minecraft:item","weight":5,"name":"minecraft:stick"},{"type":"minecraft:item","name":"minecraft:ink_sac","functions":[{"function":"minecraft:set_count","count":10,"add":false}]},{"type":"minecraft:item","weight":10,"name":"minecraft:tripwire_hook"},{"type":"minecraft:item","weight":10,"name":"minecraft:rotten_flesh"},{"type":"minecraft:item","weight":10,"name":"minecraft:bamboo","conditions":[{"condition":"minecraft:any_of","terms":[{"condition":"minecraft:location_check","predicate":{"biome":"minecraft:jungle"}},{"condition":"minecraft:location_check","predicate":{"biome":"minecraft:sparse_jungle"}},{"condition":"minecraft:location_check","predicate":{"biome":"minecraft:bamboo_jungle"}}]}]},{"type":"minecraft:item","weight":10,"name":"minecraft:cocoa_beans","conditions":[{"condition":"minecraft:value_check","value":{"type":"minecraft:score","target":{"type":"minecraft:fixed","name":"skyvoid_additions"},"score":"load.status"},"range":1},{"condition":"minecraft:value_check","value":{"type":"minecraft:score","target":{"type":"minecraft:fixed","name":"cocoa_beans_from_fishing"},"score":"skyvoid_config"},"range":1},{"condition":"minecraft:any_of","terms":[{"condition":"minecraft:location_check","predicate":{"biome":"minecraft:jungle"}},{"condition":"minecraft:location_check","predicate":{"biome":"minecraft:sparse_jungle"}},{"condition":"minecraft:location_check","predicate":{"biome":"minecraft:bamboo_jungle"}}]}]},{"type":"minecraft:item","weight":10,"name":"minecraft:glow_lichen","conditions":[{"condition":"minecraft:value_check","value":{"type":"minecraft:score","target":{"type":"minecraft:fixed","name":"skyvoid_additions"},"score":"load.status"},"range":1},{"condition":"minecraft:value_check","value":{"type":"minecraft:score","target":{"type":"minecraft:fixed","name":"glow_lichen_from_fishing"},"score":"skyvoid_config"},"range":1},{"condition":"minecraft:location_check","predicate":{"biome":"minecraft:lush_caves"}}]},{"type":"minecraft:item","weight":10,"name":"minecraft:dead_bush","conditions":[{"condition":"minecraft:value_check","value":{"type":"minecraft:score","target":{"type":"minecraft:fixed","name":"skyvoid_additions"},"score":"load.status"},"range":1},{"condition":"minecraft:value_check","value":{"type":"minecraft:score","target":{"type":"minecraft:fixed","name":"dead_bushes_from_fishing"},"score":"skyvoid_config"},"range":1},{"condition":"minecraft:any_of","terms":[{"condition":"minecraft:location_check","predicate":{"biome":"minecraft:desert"}},{"condition":"minecraft:location_check","predicate":{"biome":"minecraft:badlands"}}]}]}]}],"random_sequence":"minecraft:gameplay/fishing/junk","__smithed__":{"rules":[{"type":"smithed:append","target":"pools[0].entries","source":{"type":"smithed:reference","path":"pools[0].entries[13]"}},{"type":"smithed:append","target":"pools[0].entries","source":{"type":"smithed:reference","path":"pools[0].entries[14]"}},{"type":"smithed:append","target":"pools[0].entries","source":{"type":"smithed:reference","path":"pools[0].entries[15]"}}]}}