{"type":"minecraft:gift","pools":[{"rolls":1,"bonus_rolls":0,"entries":[{"type":"minecraft:item","name":"minecraft:stone_pickaxe"},{"type":"minecraft:item","name":"minecraft:stone_axe"},{"type":"minecraft:item","name":"minecraft:stone_hoe"},{"type":"minecraft:item","name":"minecraft:stone_shovel"},{"type":"minecraft:item","weight":1,"name":"minecraft:lava_bucket","conditions":[{"condition":"minecraft:random_chance","chance":0.05},{"condition":"minecraft:value_check","value":{"type":"minecraft:score","target":{"type":"minecraft:fixed","name":"skyvoid_additions"},"score":"load.status"},"range":1},{"condition":"minecraft:value_check","value":{"type":"minecraft:score","target":{"type":"minecraft:fixed","name":"lava_toolsmith_gift"},"score":"skyvoid_config"},"range":1}]}]}],"random_sequence":"minecraft:gameplay/hero_of_the_village/toolsmith_gift","__smithed__":{"rules":[{"type":"smithed:append","target":"pools[0].entries","source":{"type":"smithed:reference","path":"pools[0].entries[4]"}}]}}