{"type":"minecraft:generic","pools":[{"rolls":1,"entries":[{"type":"minecraft:item","name":"minecraft:blue_ice"},{"type":"minecraft:item","name":"minecraft:enchanted_golden_apple","conditions":[{"condition":"minecraft:value_check","value":{"type":"minecraft:score","target":{"type":"minecraft:fixed","name":"enchanted_gapples_from_traders"},"score":"skyvoid_config"},"range":1}]},{"type":"minecraft:item","name":"minecraft:sniffer_egg","conditions":[{"condition":"minecraft:value_check","value":{"type":"minecraft:score","target":{"type":"minecraft:fixed","name":"sniffer_eggs_from_traders"},"score":"skyvoid_config"},"range":1}]}]},{"rolls":1,"entries":[{"type":"minecraft:item","name":"minecraft:emerald","functions":[{"function":"minecraft:set_count","count":6}]}]}]}