{
  "display": {
    "icon": {
      "item": "minecraft:seagrass"
    },
    "title": {
      "translate": "advancements.skyvoid.overworld.water_gen.title",
      "fallback": "Infinite Water"
    },
    "description": {
      "translate": "advancements.skyvoid.overworld.water_gen.description",
      "fallback": "Bonemeal flowing water under a source block to create two water source blocks"
    },
    "frame": "goal",
    "show_toast": true,
    "announce_to_chat": true,
    "hidden": false
  },
  "parent": "skyvoid_advancements:overworld/skeleton_hunter",
  "criteria": {
    "requirement": {
      "trigger": "minecraft:impossible"
    }
  },
  "sends_telemetry_event": true
}
