{"type":"minecraft:generic","pools":[{"rolls":1,"entries":[{"type":"minecraft:loot_table","weight":1,"name":"skyvoid_additions:gameplay/trader_additions/special_trade/1_emerald"},{"type":"minecraft:loot_table","weight":3,"name":"skyvoid_additions:gameplay/trader_additions/special_trade/3_emeralds"},{"type":"minecraft:loot_table","weight":1,"name":"skyvoid_additions:gameplay/trader_additions/special_trade/3_emeralds","conditions":[{"condition":"minecraft:value_check","value":{"type":"minecraft:score","target":{"type":"minecraft:fixed","name":"grass_from_traders"},"score":"skyvoid_config"},"range":1}]},{"type":"minecraft:loot_table","weight":4,"name":"skyvoid_additions:gameplay/trader_additions/special_trade/5_emeralds"},{"type":"minecraft:loot_table","weight":1,"name":"skyvoid_additions:gameplay/trader_additions/special_trade/5_emeralds","conditions":[{"condition":"minecraft:value_check","value":{"type":"minecraft:score","target":{"type":"minecraft:fixed","name":"lava_from_traders"},"score":"skyvoid_config"},"range":1}]},{"type":"minecraft:loot_table","weight":1,"name":"skyvoid_additions:gameplay/trader_additions/special_trade/6_emeralds"},{"type":"minecraft:loot_table","weight":1,"name":"skyvoid_additions:gameplay/trader_additions/special_trade/6_emeralds","conditions":[{"condition":"minecraft:value_check","value":{"type":"minecraft:score","target":{"type":"minecraft:fixed","name":"enchanted_gapples_from_traders"},"score":"skyvoid_config"},"range":1}]},{"type":"minecraft:loot_table","weight":1,"name":"skyvoid_additions:gameplay/trader_additions/special_trade/6_emeralds","conditions":[{"condition":"minecraft:value_check","value":{"type":"minecraft:score","target":{"type":"minecraft:fixed","name":"sniffer_eggs_from_traders"},"score":"skyvoid_config"},"range":1}]}]}]}