{"type":"minecraft:gift","pools":[{"rolls":1,"bonus_rolls":0,"entries":[{"type":"minecraft:loot_table","name":"minecraft:archaeology/ocean_ruin_warm","conditions":[{"condition":"minecraft:location_check","predicate":{"biome":"minecraft:warm_ocean"}}]},{"type":"minecraft:loot_table","weight":8,"name":"minecraft:archaeology/desert_pyramid","conditions":[{"condition":"minecraft:location_check","predicate":{"biome":"minecraft:desert"}}]},{"type":"minecraft:loot_table","weight":2,"name":"minecraft:archaeology/desert_well","conditions":[{"condition":"minecraft:location_check","predicate":{"biome":"minecraft:desert"}}]},{"type":"minecraft:loot_table","name":"minecraft:archaeology/ocean_ruin_cold","conditions":[{"condition":"minecraft:any_of","terms":[{"condition":"minecraft:location_check","predicate":{"biome":"minecraft:cold_ocean"}},{"condition":"minecraft:location_check","predicate":{"biome":"minecraft:deep_cold_ocean"}}]}]},{"type":"minecraft:loot_table","weight":8,"name":"minecraft:archaeology/trail_ruins_common","conditions":[{"condition":"minecraft:any_of","terms":[{"condition":"minecraft:location_check","predicate":{"biome":"minecraft:taiga"}},{"condition":"minecraft:location_check","predicate":{"biome":"minecraft:snowy_taiga"}},{"condition":"minecraft:location_check","predicate":{"biome":"minecraft:old_growth_pine_taiga"}},{"condition":"minecraft:location_check","predicate":{"biome":"minecraft:old_growth_spruce_taiga"}},{"condition":"minecraft:location_check","predicate":{"biome":"minecraft:old_growth_birch_forest"}},{"condition":"minecraft:location_check","predicate":{"biome":"minecraft:jungle"}}]}]},{"type":"minecraft:loot_table","weight":2,"name":"minecraft:archaeology/trail_ruins_rare","conditions":[{"condition":"minecraft:any_of","terms":[{"condition":"minecraft:location_check","predicate":{"biome":"minecraft:taiga"}},{"condition":"minecraft:location_check","predicate":{"biome":"minecraft:snowy_taiga"}},{"condition":"minecraft:location_check","predicate":{"biome":"minecraft:old_growth_pine_taiga"}},{"condition":"minecraft:location_check","predicate":{"biome":"minecraft:old_growth_spruce_taiga"}},{"condition":"minecraft:location_check","predicate":{"biome":"minecraft:old_growth_birch_forest"}},{"condition":"minecraft:location_check","predicate":{"biome":"minecraft:jungle"}}]}]}]}],"random_sequence":"minecraft:gameplay/hero_of_the_village/mason_gift"}