{"type":"minecraft:entity","pools":[{"bonus_rolls":0.0,"entries":[{"type":"minecraft:item","functions":[{"add":false,"count":{"type":"minecraft:uniform","max":2.0,"min":0.0},"function":"minecraft:set_count"},{"count":{"type":"minecraft:uniform","max":1.0,"min":0.0},"function":"minecraft:looting_enchant"}],"name":"minecraft:prismarine_shard"}],"rolls":1.0},{"bonus_rolls":0.0,"entries":[{"type":"minecraft:item","functions":[{"count":{"type":"minecraft:uniform","max":1.0,"min":0.0},"function":"minecraft:looting_enchant"},{"conditions":[{"condition":"minecraft:entity_properties","entity":"this","predicate":{"flags":{"is_on_fire":true}}}],"function":"minecraft:furnace_smelt"}],"name":"minecraft:cod","weight":3},{"type":"minecraft:item","functions":[{"count":{"type":"minecraft:uniform","max":1.0,"min":0.0},"function":"minecraft:looting_enchant"}],"name":"minecraft:prismarine_crystals","weight":2},{"type":"minecraft:empty"}],"rolls":1.0},{"bonus_rolls":0.0,"conditions":[{"condition":"minecraft:killed_by_player"}],"entries":[{"type":"minecraft:item","name":"minecraft:wet_sponge"}],"rolls":1.0},{"bonus_rolls":0.0,"conditions":[{"condition":"minecraft:killed_by_player"},{"chance":0.025,"condition":"minecraft:random_chance_with_looting","looting_multiplier":0.01}],"entries":[{"type":"minecraft:loot_table","functions":[{"conditions":[{"condition":"minecraft:entity_properties","entity":"this","predicate":{"flags":{"is_on_fire":true}}}],"function":"minecraft:furnace_smelt"}],"name":"minecraft:gameplay/fishing/fish"}],"rolls":1.0},{"bonus_rolls":0.0,"entries":[{"type":"minecraft:empty","weight":4},{"type":"minecraft:item","name":"minecraft:tide_armor_trim_smithing_template"}],"rolls":1.0},{"rolls":1,"entries":[{"type":"minecraft:item","name":"minecraft:heart_of_the_sea","conditions":[{"condition":"minecraft:value_check","value":{"type":"minecraft:score","target":{"type":"minecraft:fixed","name":"skyvoid_additions"},"score":"load.status"},"range":1},{"condition":"minecraft:value_check","value":{"type":"minecraft:score","target":{"type":"minecraft:fixed","name":"heart_of_the_sea_from_elder_guardians"},"score":"skyvoid_config"},"range":1},{"condition":"minecraft:killed_by_player"},{"condition":"minecraft:random_chance_with_looting","chance":0.1,"looting_multiplier":0.025}]}]}],"random_sequence":"minecraft:entities/elder_guardian"}