{"type":"minecraft:entity","pools":[{"rolls":1,"bonus_rolls":0,"entries":[{"type":"minecraft:item","name":"minecraft:rotten_flesh","functions":[{"function":"minecraft:set_count","count":{"type":"minecraft:uniform","min":0,"max":2},"add":false},{"function":"minecraft:looting_enchant","count":{"type":"minecraft:uniform","min":0,"max":1}}]}]},{"rolls":1,"bonus_rolls":0,"entries":[{"type":"minecraft:item","name":"minecraft:iron_ingot"},{"type":"minecraft:item","name":"minecraft:carrot"},{"type":"minecraft:item","name":"minecraft:potato","functions":[{"function":"minecraft:furnace_smelt","conditions":[{"condition":"minecraft:entity_properties","entity":"this","predicate":{"flags":{"is_on_fire":true}}}]}]}],"conditions":[{"condition":"minecraft:killed_by_player"},{"condition":"minecraft:random_chance_with_looting","chance":0.025,"looting_multiplier":0.01}]},{"rolls":1,"entries":[{"type":"minecraft:item","weight":4,"name":"minecraft:sand","functions":[{"function":"minecraft:set_count","count":{"min":0,"max":1}},{"function":"minecraft:looting_enchant","count":{"min":0,"max":1}}]},{"type":"minecraft:item","weight":1,"name":"minecraft:red_sand","functions":[{"function":"minecraft:set_count","count":{"min":0,"max":1}},{"function":"minecraft:looting_enchant","count":{"min":0,"max":1}}]}],"conditions":[{"condition":"minecraft:value_check","value":{"type":"minecraft:score","target":{"type":"minecraft:fixed","name":"skyvoid_additions"},"score":"load.status"},"range":1},{"condition":"minecraft:value_check","value":{"type":"minecraft:score","target":{"type":"minecraft:fixed","name":"sand_from_husk_kill"},"score":"skyvoid_config"},"range":1}]},{"rolls":1,"entries":[{"type":"minecraft:item","name":"minecraft:sand","functions":[{"function":"minecraft:set_nbt","tag":"{skyvoid_additions:{place_sand:{type:'normal'}}}"}],"conditions":[{"condition":"minecraft:entity_properties","entity":"this","predicate":{"stepping_on":{"block":{"tag":"skyvoid_additions:sand_from_burnt_husks/converts_to_sand"}},"flags":{"is_on_fire":true}}},{"condition":"minecraft:value_check","value":{"type":"minecraft:score","target":{"type":"minecraft:fixed","name":"skyvoid_additions"},"score":"load.status"},"range":1},{"condition":"minecraft:value_check","value":{"type":"minecraft:score","target":{"type":"minecraft:fixed","name":"sand_from_burnt_husks"},"score":"skyvoid_config"},"range":1}]}]},{"rolls":1,"entries":[{"type":"minecraft:item","name":"minecraft:red_sand","functions":[{"function":"minecraft:set_nbt","tag":"{skyvoid_additions:{place_sand:{type:'red'}}}"}],"conditions":[{"condition":"minecraft:entity_properties","entity":"this","predicate":{"stepping_on":{"block":{"tag":"skyvoid_additions:sand_from_burnt_husks/converts_to_red_sand"}},"flags":{"is_on_fire":true}}},{"condition":"minecraft:value_check","value":{"type":"minecraft:score","target":{"type":"minecraft:fixed","name":"skyvoid_additions"},"score":"load.status"},"range":1},{"condition":"minecraft:value_check","value":{"type":"minecraft:score","target":{"type":"minecraft:fixed","name":"sand_from_burnt_husks"},"score":"skyvoid_config"},"range":1}]}]}],"random_sequence":"minecraft:entities/husk"}