{
  "display": {
    "icon": {
      "item": "minecraft:apple"
    },
    "title": {
      "translate": "advancements.skyvoid.overworld.apple.title",
      "fallback": "Now That's Some Good Food"
    },
    "description": {
      "translate": "advancements.skyvoid.overworld.apple.description",
      "fallback": "Obtain your first Apple"
    },
    "frame": "task",
    "show_toast": true,
    "announce_to_chat": true,
    "hidden": false
  },
  "parent": "skyvoid_advancements:overworld/wood",
  "criteria": {
    "apple": {
      "trigger": "minecraft:inventory_changed",
      "conditions": {
        "items": [
          {
            "items": [
              "minecraft:apple"
            ]
          }
        ]
      }
    }
  },
  "sends_telemetry_event": true
}
