{
  "display": {
    "icon": {
      "item": "minecraft:cauldron"
    },
    "title": {
      "translate": "advancements.skyvoid.overworld.cauldron.title",
      "fallback": "Toil and Trouble"
    },
    "description": {
      "translate": "advancements.skyvoid.overworld.cauldron.description",
      "fallback": "Craft a Cauldron to store liquids"
    },
    "frame": "task",
    "show_toast": true,
    "announce_to_chat": true,
    "hidden": false
  },
  "parent": "minecraft:story/smelt_iron",
  "criteria": {
    "iron_ingot": {
      "trigger": "minecraft:inventory_changed",
      "conditions": {
        "items": [
          {
            "items": [
              "minecraft:cauldron"
            ]
          }
        ]
      }
    }
  },
  "sends_telemetry_event": true
}
