{
  "display": {
    "icon": {
      "item": "minecraft:stone_sword"
    },
    "title": {
      "translate": "advancements.skyvoid.overworld.mob_farm.title",
      "fallback": "Time to Get Deadly"
    },
    "description": {
      "translate": "advancements.skyvoid.overworld.mob_farm.description",
      "fallback": "Build a mob farm"
    },
    "frame": "goal",
    "show_toast": true,
    "announce_to_chat": false,
    "hidden": false
  },
  "parent": "skyvoid_advancements:overworld/cobble_gen",
  "criteria": {
    "hostile_mob": {
      "trigger": "minecraft:player_killed_entity",
      "conditions": {
        "player": [],
        "entity": [
          {
            "condition": "minecraft:any_of",
            "terms": [
              {
                "condition": "minecraft:entity_properties",
                "entity": "this",
                "predicate": {
                  "type": "minecraft:creeper"
                }
              },
              {
                "condition": "minecraft:entity_properties",
                "entity": "this",
                "predicate": {
                  "type": "minecraft:enderman"
                }
              },
              {
                "condition": "minecraft:entity_properties",
                "entity": "this",
                "predicate": {
                  "type": "minecraft:skeleton"
                }
              },
              {
                "condition": "minecraft:entity_properties",
                "entity": "this",
                "predicate": {
                  "type": "minecraft:spider"
                }
              },
              {
                "condition": "minecraft:entity_properties",
                "entity": "this",
                "predicate": {
                  "type": "minecraft:witch"
                }
              },
              {
                "condition": "minecraft:entity_properties",
                "entity": "this",
                "predicate": {
                  "type": "minecraft:zombie"
                }
              }
            ]
          }
        ]
      }
    }
  },
  "sends_telemetry_event": true
}
