[{"condition":"minecraft:random_chance","chance":0.25},{"condition":"minecraft:inverted","term":{"condition":"minecraft:any_of","terms":[{"condition":"minecraft:inverted","term":{"condition":"minecraft:location_check","predicate":{"biome":"minecraft:end_barrens"}}},{"condition":"minecraft:inverted","term":{"condition":"minecraft:any_of","terms":[{"condition":"minecraft:location_check","predicate":{"position":{"y":{"min":255}}}},{"condition":"minecraft:location_check","offsetY":1,"predicate":{"block":{"blocks":["minecraft:air"]}}}]}},{"condition":"minecraft:inverted","term":{"condition":"minecraft:any_of","terms":[{"condition":"minecraft:location_check","predicate":{"position":{"y":{"min":254}}}},{"condition":"minecraft:location_check","offsetY":2,"predicate":{"block":{"blocks":["minecraft:air"]}}}]}},{"condition":"minecraft:inverted","term":{"condition":"minecraft:any_of","terms":[{"condition":"minecraft:location_check","predicate":{"position":{"y":{"min":253}}}},{"condition":"minecraft:location_check","offsetY":3,"predicate":{"block":{"blocks":["minecraft:air"]}}}]}},{"condition":"minecraft:inverted","term":{"condition":"minecraft:any_of","terms":[{"condition":"minecraft:location_check","predicate":{"position":{"y":{"min":252}}}},{"condition":"minecraft:location_check","offsetY":4,"predicate":{"block":{"blocks":["minecraft:air"]}}}]}},{"condition":"minecraft:inverted","term":{"condition":"minecraft:any_of","terms":[{"condition":"minecraft:location_check","predicate":{"position":{"y":{"min":251}}}},{"condition":"minecraft:location_check","offsetY":5,"predicate":{"block":{"blocks":["minecraft:air"]}}}]}},{"condition":"minecraft:inverted","term":{"condition":"minecraft:any_of","terms":[{"condition":"minecraft:location_check","predicate":{"position":{"y":{"min":250}}}},{"condition":"minecraft:location_check","offsetY":6,"predicate":{"block":{"blocks":["minecraft:air"]}}}]}},{"condition":"minecraft:inverted","term":{"condition":"minecraft:any_of","terms":[{"condition":"minecraft:location_check","predicate":{"position":{"y":{"min":249}}}},{"condition":"minecraft:location_check","offsetY":7,"predicate":{"block":{"blocks":["minecraft:air"]}}}]}},{"condition":"minecraft:inverted","term":{"condition":"minecraft:any_of","terms":[{"condition":"minecraft:location_check","predicate":{"position":{"y":{"min":248}}}},{"condition":"minecraft:location_check","offsetY":8,"predicate":{"block":{"blocks":["minecraft:air"]}}}]}},{"condition":"minecraft:inverted","term":{"condition":"minecraft:any_of","terms":[{"condition":"minecraft:location_check","predicate":{"position":{"y":{"min":247}}}},{"condition":"minecraft:location_check","offsetY":9,"predicate":{"block":{"blocks":["minecraft:air"]}}}]}},{"condition":"minecraft:inverted","term":{"condition":"minecraft:any_of","terms":[{"condition":"minecraft:location_check","predicate":{"position":{"y":{"min":246}}}},{"condition":"minecraft:location_check","offsetY":10,"predicate":{"block":{"blocks":["minecraft:air"]}}}]}},{"condition":"minecraft:inverted","term":{"condition":"minecraft:any_of","terms":[{"condition":"minecraft:location_check","predicate":{"position":{"y":{"min":245}}}},{"condition":"minecraft:location_check","offsetY":11,"predicate":{"block":{"blocks":["minecraft:air"]}}}]}},{"condition":"minecraft:inverted","term":{"condition":"minecraft:any_of","terms":[{"condition":"minecraft:location_check","predicate":{"position":{"y":{"min":244}}}},{"condition":"minecraft:location_check","offsetY":12,"predicate":{"block":{"blocks":["minecraft:air"]}}}]}},{"condition":"minecraft:inverted","term":{"condition":"minecraft:any_of","terms":[{"condition":"minecraft:location_check","predicate":{"position":{"y":{"min":243}}}},{"condition":"minecraft:location_check","offsetY":13,"predicate":{"block":{"blocks":["minecraft:air"]}}}]}},{"condition":"minecraft:inverted","term":{"condition":"minecraft:any_of","terms":[{"condition":"minecraft:location_check","predicate":{"position":{"y":{"min":242}}}},{"condition":"minecraft:location_check","offsetY":14,"predicate":{"block":{"blocks":["minecraft:air"]}}}]}},{"condition":"minecraft:inverted","term":{"condition":"minecraft:any_of","terms":[{"condition":"minecraft:location_check","predicate":{"position":{"y":{"min":241}}}},{"condition":"minecraft:location_check","offsetY":15,"predicate":{"block":{"blocks":["minecraft:air"]}}}]}},{"condition":"minecraft:inverted","term":{"condition":"minecraft:any_of","terms":[{"condition":"minecraft:location_check","predicate":{"position":{"y":{"min":240}}}},{"condition":"minecraft:location_check","offsetY":16,"predicate":{"block":{"blocks":["minecraft:air"]}}}]}},{"condition":"minecraft:inverted","term":{"condition":"minecraft:any_of","terms":[{"condition":"minecraft:location_check","predicate":{"position":{"y":{"min":239}}}},{"condition":"minecraft:location_check","offsetY":17,"predicate":{"block":{"blocks":["minecraft:air"]}}}]}},{"condition":"minecraft:inverted","term":{"condition":"minecraft:any_of","terms":[{"condition":"minecraft:location_check","predicate":{"position":{"y":{"min":238}}}},{"condition":"minecraft:location_check","offsetY":18,"predicate":{"block":{"blocks":["minecraft:air"]}}}]}},{"condition":"minecraft:inverted","term":{"condition":"minecraft:any_of","terms":[{"condition":"minecraft:location_check","predicate":{"position":{"y":{"min":237}}}},{"condition":"minecraft:location_check","offsetY":19,"predicate":{"block":{"blocks":["minecraft:air"]}}}]}},{"condition":"minecraft:inverted","term":{"condition":"minecraft:any_of","terms":[{"condition":"minecraft:location_check","predicate":{"position":{"y":{"min":236}}}},{"condition":"minecraft:location_check","offsetY":20,"predicate":{"block":{"blocks":["minecraft:air"]}}}]}},{"condition":"minecraft:inverted","term":{"condition":"minecraft:any_of","terms":[{"condition":"minecraft:location_check","predicate":{"position":{"y":{"min":235}}}},{"condition":"minecraft:location_check","offsetY":21,"predicate":{"block":{"blocks":["minecraft:air"]}}}]}},{"condition":"minecraft:inverted","term":{"condition":"minecraft:any_of","terms":[{"condition":"minecraft:location_check","predicate":{"position":{"y":{"min":234}}}},{"condition":"minecraft:location_check","offsetY":22,"predicate":{"block":{"blocks":["minecraft:air"]}}}]}},{"condition":"minecraft:inverted","term":{"condition":"minecraft:any_of","terms":[{"condition":"minecraft:location_check","predicate":{"position":{"y":{"min":233}}}},{"condition":"minecraft:location_check","offsetY":23,"predicate":{"block":{"blocks":["minecraft:air"]}}}]}},{"condition":"minecraft:inverted","term":{"condition":"minecraft:any_of","terms":[{"condition":"minecraft:location_check","predicate":{"position":{"y":{"min":232}}}},{"condition":"minecraft:location_check","offsetY":24,"predicate":{"block":{"blocks":["minecraft:air"]}}}]}},{"condition":"minecraft:inverted","term":{"condition":"minecraft:any_of","terms":[{"condition":"minecraft:location_check","predicate":{"position":{"y":{"min":231}}}},{"condition":"minecraft:location_check","offsetY":25,"predicate":{"block":{"blocks":["minecraft:air"]}}}]}},{"condition":"minecraft:inverted","term":{"condition":"minecraft:any_of","terms":[{"condition":"minecraft:location_check","predicate":{"position":{"y":{"min":230}}}},{"condition":"minecraft:location_check","offsetY":26,"predicate":{"block":{"blocks":["minecraft:air"]}}}]}},{"condition":"minecraft:inverted","term":{"condition":"minecraft:any_of","terms":[{"condition":"minecraft:location_check","predicate":{"position":{"y":{"min":229}}}},{"condition":"minecraft:location_check","offsetY":27,"predicate":{"block":{"blocks":["minecraft:air"]}}}]}},{"condition":"minecraft:inverted","term":{"condition":"minecraft:any_of","terms":[{"condition":"minecraft:location_check","predicate":{"position":{"y":{"min":228}}}},{"condition":"minecraft:location_check","offsetY":28,"predicate":{"block":{"blocks":["minecraft:air"]}}}]}},{"condition":"minecraft:inverted","term":{"condition":"minecraft:any_of","terms":[{"condition":"minecraft:location_check","predicate":{"position":{"y":{"min":227}}}},{"condition":"minecraft:location_check","offsetY":29,"predicate":{"block":{"blocks":["minecraft:air"]}}}]}},{"condition":"minecraft:inverted","term":{"condition":"minecraft:any_of","terms":[{"condition":"minecraft:location_check","predicate":{"position":{"y":{"min":226}}}},{"condition":"minecraft:location_check","offsetY":30,"predicate":{"block":{"blocks":["minecraft:air"]}}}]}},{"condition":"minecraft:inverted","term":{"condition":"minecraft:any_of","terms":[{"condition":"minecraft:location_check","predicate":{"position":{"y":{"min":225}}}},{"condition":"minecraft:location_check","offsetY":31,"predicate":{"block":{"blocks":["minecraft:air"]}}}]}},{"condition":"minecraft:inverted","term":{"condition":"minecraft:any_of","terms":[{"condition":"minecraft:location_check","predicate":{"position":{"y":{"min":224}}}},{"condition":"minecraft:location_check","offsetY":32,"predicate":{"block":{"blocks":["minecraft:air"]}}}]}},{"condition":"minecraft:inverted","term":{"condition":"minecraft:any_of","terms":[{"condition":"minecraft:location_check","predicate":{"position":{"y":{"min":223}}}},{"condition":"minecraft:location_check","offsetY":33,"predicate":{"block":{"blocks":["minecraft:air"]}}}]}},{"condition":"minecraft:inverted","term":{"condition":"minecraft:any_of","terms":[{"condition":"minecraft:location_check","predicate":{"position":{"y":{"min":222}}}},{"condition":"minecraft:location_check","offsetY":34,"predicate":{"block":{"blocks":["minecraft:air"]}}}]}},{"condition":"minecraft:inverted","term":{"condition":"minecraft:any_of","terms":[{"condition":"minecraft:location_check","predicate":{"position":{"y":{"min":221}}}},{"condition":"minecraft:location_check","offsetY":35,"predicate":{"block":{"blocks":["minecraft:air"]}}}]}},{"condition":"minecraft:inverted","term":{"condition":"minecraft:any_of","terms":[{"condition":"minecraft:location_check","predicate":{"position":{"y":{"min":220}}}},{"condition":"minecraft:location_check","offsetY":36,"predicate":{"block":{"blocks":["minecraft:air"]}}}]}},{"condition":"minecraft:inverted","term":{"condition":"minecraft:any_of","terms":[{"condition":"minecraft:location_check","predicate":{"position":{"y":{"min":219}}}},{"condition":"minecraft:location_check","offsetY":37,"predicate":{"block":{"blocks":["minecraft:air"]}}}]}},{"condition":"minecraft:inverted","term":{"condition":"minecraft:any_of","terms":[{"condition":"minecraft:location_check","predicate":{"position":{"y":{"min":218}}}},{"condition":"minecraft:location_check","offsetY":38,"predicate":{"block":{"blocks":["minecraft:air"]}}}]}},{"condition":"minecraft:inverted","term":{"condition":"minecraft:any_of","terms":[{"condition":"minecraft:location_check","predicate":{"position":{"y":{"min":217}}}},{"condition":"minecraft:location_check","offsetY":39,"predicate":{"block":{"blocks":["minecraft:air"]}}}]}},{"condition":"minecraft:inverted","term":{"condition":"minecraft:any_of","terms":[{"condition":"minecraft:location_check","predicate":{"position":{"y":{"min":216}}}},{"condition":"minecraft:location_check","offsetY":40,"predicate":{"block":{"blocks":["minecraft:air"]}}}]}},{"condition":"minecraft:inverted","term":{"condition":"minecraft:any_of","terms":[{"condition":"minecraft:location_check","predicate":{"position":{"y":{"min":215}}}},{"condition":"minecraft:location_check","offsetY":41,"predicate":{"block":{"blocks":["minecraft:air"]}}}]}},{"condition":"minecraft:inverted","term":{"condition":"minecraft:any_of","terms":[{"condition":"minecraft:location_check","predicate":{"position":{"y":{"min":214}}}},{"condition":"minecraft:location_check","offsetY":42,"predicate":{"block":{"blocks":["minecraft:air"]}}}]}},{"condition":"minecraft:inverted","term":{"condition":"minecraft:any_of","terms":[{"condition":"minecraft:location_check","predicate":{"position":{"y":{"min":213}}}},{"condition":"minecraft:location_check","offsetY":43,"predicate":{"block":{"blocks":["minecraft:air"]}}}]}},{"condition":"minecraft:inverted","term":{"condition":"minecraft:any_of","terms":[{"condition":"minecraft:location_check","predicate":{"position":{"y":{"min":212}}}},{"condition":"minecraft:location_check","offsetY":44,"predicate":{"block":{"blocks":["minecraft:air"]}}}]}},{"condition":"minecraft:inverted","term":{"condition":"minecraft:any_of","terms":[{"condition":"minecraft:location_check","predicate":{"position":{"y":{"min":211}}}},{"condition":"minecraft:location_check","offsetY":45,"predicate":{"block":{"blocks":["minecraft:air"]}}}]}},{"condition":"minecraft:inverted","term":{"condition":"minecraft:any_of","terms":[{"condition":"minecraft:location_check","predicate":{"position":{"y":{"min":210}}}},{"condition":"minecraft:location_check","offsetY":46,"predicate":{"block":{"blocks":["minecraft:air"]}}}]}},{"condition":"minecraft:inverted","term":{"condition":"minecraft:any_of","terms":[{"condition":"minecraft:location_check","predicate":{"position":{"y":{"min":209}}}},{"condition":"minecraft:location_check","offsetY":47,"predicate":{"block":{"blocks":["minecraft:air"]}}}]}},{"condition":"minecraft:inverted","term":{"condition":"minecraft:any_of","terms":[{"condition":"minecraft:location_check","predicate":{"position":{"y":{"min":208}}}},{"condition":"minecraft:location_check","offsetY":48,"predicate":{"block":{"blocks":["minecraft:air"]}}}]}},{"condition":"minecraft:inverted","term":{"condition":"minecraft:any_of","terms":[{"condition":"minecraft:location_check","predicate":{"position":{"y":{"min":207}}}},{"condition":"minecraft:location_check","offsetY":49,"predicate":{"block":{"blocks":["minecraft:air"]}}}]}},{"condition":"minecraft:inverted","term":{"condition":"minecraft:any_of","terms":[{"condition":"minecraft:location_check","predicate":{"position":{"y":{"min":206}}}},{"condition":"minecraft:location_check","offsetY":50,"predicate":{"block":{"blocks":["minecraft:air"]}}}]}},{"condition":"minecraft:inverted","term":{"condition":"minecraft:any_of","terms":[{"condition":"minecraft:location_check","predicate":{"position":{"y":{"min":205}}}},{"condition":"minecraft:location_check","offsetY":51,"predicate":{"block":{"blocks":["minecraft:air"]}}}]}},{"condition":"minecraft:inverted","term":{"condition":"minecraft:any_of","terms":[{"condition":"minecraft:location_check","predicate":{"position":{"y":{"min":204}}}},{"condition":"minecraft:location_check","offsetY":52,"predicate":{"block":{"blocks":["minecraft:air"]}}}]}},{"condition":"minecraft:inverted","term":{"condition":"minecraft:any_of","terms":[{"condition":"minecraft:location_check","predicate":{"position":{"y":{"min":203}}}},{"condition":"minecraft:location_check","offsetY":53,"predicate":{"block":{"blocks":["minecraft:air"]}}}]}},{"condition":"minecraft:inverted","term":{"condition":"minecraft:any_of","terms":[{"condition":"minecraft:location_check","predicate":{"position":{"y":{"min":202}}}},{"condition":"minecraft:location_check","offsetY":54,"predicate":{"block":{"blocks":["minecraft:air"]}}}]}},{"condition":"minecraft:inverted","term":{"condition":"minecraft:any_of","terms":[{"condition":"minecraft:location_check","predicate":{"position":{"y":{"min":201}}}},{"condition":"minecraft:location_check","offsetY":55,"predicate":{"block":{"blocks":["minecraft:air"]}}}]}},{"condition":"minecraft:inverted","term":{"condition":"minecraft:any_of","terms":[{"condition":"minecraft:location_check","predicate":{"position":{"y":{"min":200}}}},{"condition":"minecraft:location_check","offsetY":56,"predicate":{"block":{"blocks":["minecraft:air"]}}}]}},{"condition":"minecraft:inverted","term":{"condition":"minecraft:any_of","terms":[{"condition":"minecraft:location_check","predicate":{"position":{"y":{"min":199}}}},{"condition":"minecraft:location_check","offsetY":57,"predicate":{"block":{"blocks":["minecraft:air"]}}}]}},{"condition":"minecraft:inverted","term":{"condition":"minecraft:any_of","terms":[{"condition":"minecraft:location_check","predicate":{"position":{"y":{"min":198}}}},{"condition":"minecraft:location_check","offsetY":58,"predicate":{"block":{"blocks":["minecraft:air"]}}}]}},{"condition":"minecraft:inverted","term":{"condition":"minecraft:any_of","terms":[{"condition":"minecraft:location_check","predicate":{"position":{"y":{"min":197}}}},{"condition":"minecraft:location_check","offsetY":59,"predicate":{"block":{"blocks":["minecraft:air"]}}}]}},{"condition":"minecraft:inverted","term":{"condition":"minecraft:any_of","terms":[{"condition":"minecraft:location_check","predicate":{"position":{"y":{"min":196}}}},{"condition":"minecraft:location_check","offsetY":60,"predicate":{"block":{"blocks":["minecraft:air"]}}}]}},{"condition":"minecraft:inverted","term":{"condition":"minecraft:any_of","terms":[{"condition":"minecraft:location_check","predicate":{"position":{"y":{"min":195}}}},{"condition":"minecraft:location_check","offsetY":61,"predicate":{"block":{"blocks":["minecraft:air"]}}}]}},{"condition":"minecraft:inverted","term":{"condition":"minecraft:any_of","terms":[{"condition":"minecraft:location_check","predicate":{"position":{"y":{"min":194}}}},{"condition":"minecraft:location_check","offsetY":62,"predicate":{"block":{"blocks":["minecraft:air"]}}}]}},{"condition":"minecraft:inverted","term":{"condition":"minecraft:any_of","terms":[{"condition":"minecraft:location_check","predicate":{"position":{"y":{"min":193}}}},{"condition":"minecraft:location_check","offsetY":63,"predicate":{"block":{"blocks":["minecraft:air"]}}}]}},{"condition":"minecraft:inverted","term":{"condition":"minecraft:any_of","terms":[{"condition":"minecraft:location_check","predicate":{"position":{"y":{"min":192}}}},{"condition":"minecraft:location_check","offsetY":64,"predicate":{"block":{"blocks":["minecraft:air"]}}}]}},{"condition":"minecraft:inverted","term":{"condition":"minecraft:any_of","terms":[{"condition":"minecraft:location_check","predicate":{"position":{"y":{"min":191}}}},{"condition":"minecraft:location_check","offsetY":65,"predicate":{"block":{"blocks":["minecraft:air"]}}}]}},{"condition":"minecraft:inverted","term":{"condition":"minecraft:any_of","terms":[{"condition":"minecraft:location_check","predicate":{"position":{"y":{"min":190}}}},{"condition":"minecraft:location_check","offsetY":66,"predicate":{"block":{"blocks":["minecraft:air"]}}}]}},{"condition":"minecraft:inverted","term":{"condition":"minecraft:any_of","terms":[{"condition":"minecraft:location_check","predicate":{"position":{"y":{"min":189}}}},{"condition":"minecraft:location_check","offsetY":67,"predicate":{"block":{"blocks":["minecraft:air"]}}}]}},{"condition":"minecraft:inverted","term":{"condition":"minecraft:any_of","terms":[{"condition":"minecraft:location_check","predicate":{"position":{"y":{"min":188}}}},{"condition":"minecraft:location_check","offsetY":68,"predicate":{"block":{"blocks":["minecraft:air"]}}}]}},{"condition":"minecraft:inverted","term":{"condition":"minecraft:any_of","terms":[{"condition":"minecraft:location_check","predicate":{"position":{"y":{"min":187}}}},{"condition":"minecraft:location_check","offsetY":69,"predicate":{"block":{"blocks":["minecraft:air"]}}}]}},{"condition":"minecraft:inverted","term":{"condition":"minecraft:any_of","terms":[{"condition":"minecraft:location_check","predicate":{"position":{"y":{"min":186}}}},{"condition":"minecraft:location_check","offsetY":70,"predicate":{"block":{"blocks":["minecraft:air"]}}}]}},{"condition":"minecraft:inverted","term":{"condition":"minecraft:any_of","terms":[{"condition":"minecraft:location_check","predicate":{"position":{"y":{"min":185}}}},{"condition":"minecraft:location_check","offsetY":71,"predicate":{"block":{"blocks":["minecraft:air"]}}}]}},{"condition":"minecraft:inverted","term":{"condition":"minecraft:any_of","terms":[{"condition":"minecraft:location_check","predicate":{"position":{"y":{"min":184}}}},{"condition":"minecraft:location_check","offsetY":72,"predicate":{"block":{"blocks":["minecraft:air"]}}}]}},{"condition":"minecraft:inverted","term":{"condition":"minecraft:any_of","terms":[{"condition":"minecraft:location_check","predicate":{"position":{"y":{"min":183}}}},{"condition":"minecraft:location_check","offsetY":73,"predicate":{"block":{"blocks":["minecraft:air"]}}}]}},{"condition":"minecraft:inverted","term":{"condition":"minecraft:any_of","terms":[{"condition":"minecraft:location_check","predicate":{"position":{"y":{"min":182}}}},{"condition":"minecraft:location_check","offsetY":74,"predicate":{"block":{"blocks":["minecraft:air"]}}}]}},{"condition":"minecraft:inverted","term":{"condition":"minecraft:any_of","terms":[{"condition":"minecraft:location_check","predicate":{"position":{"y":{"min":181}}}},{"condition":"minecraft:location_check","offsetY":75,"predicate":{"block":{"blocks":["minecraft:air"]}}}]}},{"condition":"minecraft:inverted","term":{"condition":"minecraft:any_of","terms":[{"condition":"minecraft:location_check","predicate":{"position":{"y":{"min":180}}}},{"condition":"minecraft:location_check","offsetY":76,"predicate":{"block":{"blocks":["minecraft:air"]}}}]}},{"condition":"minecraft:inverted","term":{"condition":"minecraft:any_of","terms":[{"condition":"minecraft:location_check","predicate":{"position":{"y":{"min":179}}}},{"condition":"minecraft:location_check","offsetY":77,"predicate":{"block":{"blocks":["minecraft:air"]}}}]}},{"condition":"minecraft:inverted","term":{"condition":"minecraft:any_of","terms":[{"condition":"minecraft:location_check","predicate":{"position":{"y":{"min":178}}}},{"condition":"minecraft:location_check","offsetY":78,"predicate":{"block":{"blocks":["minecraft:air"]}}}]}},{"condition":"minecraft:inverted","term":{"condition":"minecraft:any_of","terms":[{"condition":"minecraft:location_check","predicate":{"position":{"y":{"min":177}}}},{"condition":"minecraft:location_check","offsetY":79,"predicate":{"block":{"blocks":["minecraft:air"]}}}]}},{"condition":"minecraft:inverted","term":{"condition":"minecraft:any_of","terms":[{"condition":"minecraft:location_check","predicate":{"position":{"y":{"min":176}}}},{"condition":"minecraft:location_check","offsetY":80,"predicate":{"block":{"blocks":["minecraft:air"]}}}]}},{"condition":"minecraft:inverted","term":{"condition":"minecraft:any_of","terms":[{"condition":"minecraft:location_check","predicate":{"position":{"y":{"min":175}}}},{"condition":"minecraft:location_check","offsetY":81,"predicate":{"block":{"blocks":["minecraft:air"]}}}]}},{"condition":"minecraft:inverted","term":{"condition":"minecraft:any_of","terms":[{"condition":"minecraft:location_check","predicate":{"position":{"y":{"min":174}}}},{"condition":"minecraft:location_check","offsetY":82,"predicate":{"block":{"blocks":["minecraft:air"]}}}]}},{"condition":"minecraft:inverted","term":{"condition":"minecraft:any_of","terms":[{"condition":"minecraft:location_check","predicate":{"position":{"y":{"min":173}}}},{"condition":"minecraft:location_check","offsetY":83,"predicate":{"block":{"blocks":["minecraft:air"]}}}]}},{"condition":"minecraft:inverted","term":{"condition":"minecraft:any_of","terms":[{"condition":"minecraft:location_check","predicate":{"position":{"y":{"min":172}}}},{"condition":"minecraft:location_check","offsetY":84,"predicate":{"block":{"blocks":["minecraft:air"]}}}]}},{"condition":"minecraft:inverted","term":{"condition":"minecraft:any_of","terms":[{"condition":"minecraft:location_check","predicate":{"position":{"y":{"min":171}}}},{"condition":"minecraft:location_check","offsetY":85,"predicate":{"block":{"blocks":["minecraft:air"]}}}]}},{"condition":"minecraft:inverted","term":{"condition":"minecraft:any_of","terms":[{"condition":"minecraft:location_check","predicate":{"position":{"y":{"min":170}}}},{"condition":"minecraft:location_check","offsetY":86,"predicate":{"block":{"blocks":["minecraft:air"]}}}]}},{"condition":"minecraft:inverted","term":{"condition":"minecraft:any_of","terms":[{"condition":"minecraft:location_check","predicate":{"position":{"y":{"min":169}}}},{"condition":"minecraft:location_check","offsetY":87,"predicate":{"block":{"blocks":["minecraft:air"]}}}]}},{"condition":"minecraft:inverted","term":{"condition":"minecraft:any_of","terms":[{"condition":"minecraft:location_check","predicate":{"position":{"y":{"min":168}}}},{"condition":"minecraft:location_check","offsetY":88,"predicate":{"block":{"blocks":["minecraft:air"]}}}]}},{"condition":"minecraft:inverted","term":{"condition":"minecraft:any_of","terms":[{"condition":"minecraft:location_check","predicate":{"position":{"y":{"min":167}}}},{"condition":"minecraft:location_check","offsetY":89,"predicate":{"block":{"blocks":["minecraft:air"]}}}]}},{"condition":"minecraft:inverted","term":{"condition":"minecraft:any_of","terms":[{"condition":"minecraft:location_check","predicate":{"position":{"y":{"min":166}}}},{"condition":"minecraft:location_check","offsetY":90,"predicate":{"block":{"blocks":["minecraft:air"]}}}]}},{"condition":"minecraft:inverted","term":{"condition":"minecraft:any_of","terms":[{"condition":"minecraft:location_check","predicate":{"position":{"y":{"min":165}}}},{"condition":"minecraft:location_check","offsetY":91,"predicate":{"block":{"blocks":["minecraft:air"]}}}]}},{"condition":"minecraft:inverted","term":{"condition":"minecraft:any_of","terms":[{"condition":"minecraft:location_check","predicate":{"position":{"y":{"min":164}}}},{"condition":"minecraft:location_check","offsetY":92,"predicate":{"block":{"blocks":["minecraft:air"]}}}]}},{"condition":"minecraft:inverted","term":{"condition":"minecraft:any_of","terms":[{"condition":"minecraft:location_check","predicate":{"position":{"y":{"min":163}}}},{"condition":"minecraft:location_check","offsetY":93,"predicate":{"block":{"blocks":["minecraft:air"]}}}]}},{"condition":"minecraft:inverted","term":{"condition":"minecraft:any_of","terms":[{"condition":"minecraft:location_check","predicate":{"position":{"y":{"min":162}}}},{"condition":"minecraft:location_check","offsetY":94,"predicate":{"block":{"blocks":["minecraft:air"]}}}]}},{"condition":"minecraft:inverted","term":{"condition":"minecraft:any_of","terms":[{"condition":"minecraft:location_check","predicate":{"position":{"y":{"min":161}}}},{"condition":"minecraft:location_check","offsetY":95,"predicate":{"block":{"blocks":["minecraft:air"]}}}]}},{"condition":"minecraft:inverted","term":{"condition":"minecraft:any_of","terms":[{"condition":"minecraft:location_check","predicate":{"position":{"y":{"min":160}}}},{"condition":"minecraft:location_check","offsetY":96,"predicate":{"block":{"blocks":["minecraft:air"]}}}]}},{"condition":"minecraft:inverted","term":{"condition":"minecraft:any_of","terms":[{"condition":"minecraft:location_check","predicate":{"position":{"y":{"min":159}}}},{"condition":"minecraft:location_check","offsetY":97,"predicate":{"block":{"blocks":["minecraft:air"]}}}]}},{"condition":"minecraft:inverted","term":{"condition":"minecraft:any_of","terms":[{"condition":"minecraft:location_check","predicate":{"position":{"y":{"min":158}}}},{"condition":"minecraft:location_check","offsetY":98,"predicate":{"block":{"blocks":["minecraft:air"]}}}]}},{"condition":"minecraft:inverted","term":{"condition":"minecraft:any_of","terms":[{"condition":"minecraft:location_check","predicate":{"position":{"y":{"min":157}}}},{"condition":"minecraft:location_check","offsetY":99,"predicate":{"block":{"blocks":["minecraft:air"]}}}]}},{"condition":"minecraft:inverted","term":{"condition":"minecraft:any_of","terms":[{"condition":"minecraft:location_check","predicate":{"position":{"y":{"min":156}}}},{"condition":"minecraft:location_check","offsetY":100,"predicate":{"block":{"blocks":["minecraft:air"]}}}]}},{"condition":"minecraft:inverted","term":{"condition":"minecraft:any_of","terms":[{"condition":"minecraft:location_check","predicate":{"position":{"y":{"min":155}}}},{"condition":"minecraft:location_check","offsetY":101,"predicate":{"block":{"blocks":["minecraft:air"]}}}]}},{"condition":"minecraft:inverted","term":{"condition":"minecraft:any_of","terms":[{"condition":"minecraft:location_check","predicate":{"position":{"y":{"min":154}}}},{"condition":"minecraft:location_check","offsetY":102,"predicate":{"block":{"blocks":["minecraft:air"]}}}]}},{"condition":"minecraft:inverted","term":{"condition":"minecraft:any_of","terms":[{"condition":"minecraft:location_check","predicate":{"position":{"y":{"min":153}}}},{"condition":"minecraft:location_check","offsetY":103,"predicate":{"block":{"blocks":["minecraft:air"]}}}]}},{"condition":"minecraft:inverted","term":{"condition":"minecraft:any_of","terms":[{"condition":"minecraft:location_check","predicate":{"position":{"y":{"min":152}}}},{"condition":"minecraft:location_check","offsetY":104,"predicate":{"block":{"blocks":["minecraft:air"]}}}]}},{"condition":"minecraft:inverted","term":{"condition":"minecraft:any_of","terms":[{"condition":"minecraft:location_check","predicate":{"position":{"y":{"min":151}}}},{"condition":"minecraft:location_check","offsetY":105,"predicate":{"block":{"blocks":["minecraft:air"]}}}]}},{"condition":"minecraft:inverted","term":{"condition":"minecraft:any_of","terms":[{"condition":"minecraft:location_check","predicate":{"position":{"y":{"min":150}}}},{"condition":"minecraft:location_check","offsetY":106,"predicate":{"block":{"blocks":["minecraft:air"]}}}]}},{"condition":"minecraft:inverted","term":{"condition":"minecraft:any_of","terms":[{"condition":"minecraft:location_check","predicate":{"position":{"y":{"min":149}}}},{"condition":"minecraft:location_check","offsetY":107,"predicate":{"block":{"blocks":["minecraft:air"]}}}]}},{"condition":"minecraft:inverted","term":{"condition":"minecraft:any_of","terms":[{"condition":"minecraft:location_check","predicate":{"position":{"y":{"min":148}}}},{"condition":"minecraft:location_check","offsetY":108,"predicate":{"block":{"blocks":["minecraft:air"]}}}]}},{"condition":"minecraft:inverted","term":{"condition":"minecraft:any_of","terms":[{"condition":"minecraft:location_check","predicate":{"position":{"y":{"min":147}}}},{"condition":"minecraft:location_check","offsetY":109,"predicate":{"block":{"blocks":["minecraft:air"]}}}]}},{"condition":"minecraft:inverted","term":{"condition":"minecraft:any_of","terms":[{"condition":"minecraft:location_check","predicate":{"position":{"y":{"min":146}}}},{"condition":"minecraft:location_check","offsetY":110,"predicate":{"block":{"blocks":["minecraft:air"]}}}]}},{"condition":"minecraft:inverted","term":{"condition":"minecraft:any_of","terms":[{"condition":"minecraft:location_check","predicate":{"position":{"y":{"min":145}}}},{"condition":"minecraft:location_check","offsetY":111,"predicate":{"block":{"blocks":["minecraft:air"]}}}]}},{"condition":"minecraft:inverted","term":{"condition":"minecraft:any_of","terms":[{"condition":"minecraft:location_check","predicate":{"position":{"y":{"min":144}}}},{"condition":"minecraft:location_check","offsetY":112,"predicate":{"block":{"blocks":["minecraft:air"]}}}]}},{"condition":"minecraft:inverted","term":{"condition":"minecraft:any_of","terms":[{"condition":"minecraft:location_check","predicate":{"position":{"y":{"min":143}}}},{"condition":"minecraft:location_check","offsetY":113,"predicate":{"block":{"blocks":["minecraft:air"]}}}]}},{"condition":"minecraft:inverted","term":{"condition":"minecraft:any_of","terms":[{"condition":"minecraft:location_check","predicate":{"position":{"y":{"min":142}}}},{"condition":"minecraft:location_check","offsetY":114,"predicate":{"block":{"blocks":["minecraft:air"]}}}]}},{"condition":"minecraft:inverted","term":{"condition":"minecraft:any_of","terms":[{"condition":"minecraft:location_check","predicate":{"position":{"y":{"min":141}}}},{"condition":"minecraft:location_check","offsetY":115,"predicate":{"block":{"blocks":["minecraft:air"]}}}]}},{"condition":"minecraft:inverted","term":{"condition":"minecraft:any_of","terms":[{"condition":"minecraft:location_check","predicate":{"position":{"y":{"min":140}}}},{"condition":"minecraft:location_check","offsetY":116,"predicate":{"block":{"blocks":["minecraft:air"]}}}]}},{"condition":"minecraft:inverted","term":{"condition":"minecraft:any_of","terms":[{"condition":"minecraft:location_check","predicate":{"position":{"y":{"min":139}}}},{"condition":"minecraft:location_check","offsetY":117,"predicate":{"block":{"blocks":["minecraft:air"]}}}]}},{"condition":"minecraft:inverted","term":{"condition":"minecraft:any_of","terms":[{"condition":"minecraft:location_check","predicate":{"position":{"y":{"min":138}}}},{"condition":"minecraft:location_check","offsetY":118,"predicate":{"block":{"blocks":["minecraft:air"]}}}]}},{"condition":"minecraft:inverted","term":{"condition":"minecraft:any_of","terms":[{"condition":"minecraft:location_check","predicate":{"position":{"y":{"min":137}}}},{"condition":"minecraft:location_check","offsetY":119,"predicate":{"block":{"blocks":["minecraft:air"]}}}]}},{"condition":"minecraft:inverted","term":{"condition":"minecraft:any_of","terms":[{"condition":"minecraft:location_check","predicate":{"position":{"y":{"min":136}}}},{"condition":"minecraft:location_check","offsetY":120,"predicate":{"block":{"blocks":["minecraft:air"]}}}]}},{"condition":"minecraft:inverted","term":{"condition":"minecraft:any_of","terms":[{"condition":"minecraft:location_check","predicate":{"position":{"y":{"min":135}}}},{"condition":"minecraft:location_check","offsetY":121,"predicate":{"block":{"blocks":["minecraft:air"]}}}]}},{"condition":"minecraft:inverted","term":{"condition":"minecraft:any_of","terms":[{"condition":"minecraft:location_check","predicate":{"position":{"y":{"min":134}}}},{"condition":"minecraft:location_check","offsetY":122,"predicate":{"block":{"blocks":["minecraft:air"]}}}]}},{"condition":"minecraft:inverted","term":{"condition":"minecraft:any_of","terms":[{"condition":"minecraft:location_check","predicate":{"position":{"y":{"min":133}}}},{"condition":"minecraft:location_check","offsetY":123,"predicate":{"block":{"blocks":["minecraft:air"]}}}]}},{"condition":"minecraft:inverted","term":{"condition":"minecraft:any_of","terms":[{"condition":"minecraft:location_check","predicate":{"position":{"y":{"min":132}}}},{"condition":"minecraft:location_check","offsetY":124,"predicate":{"block":{"blocks":["minecraft:air"]}}}]}},{"condition":"minecraft:inverted","term":{"condition":"minecraft:any_of","terms":[{"condition":"minecraft:location_check","predicate":{"position":{"y":{"min":131}}}},{"condition":"minecraft:location_check","offsetY":125,"predicate":{"block":{"blocks":["minecraft:air"]}}}]}},{"condition":"minecraft:inverted","term":{"condition":"minecraft:any_of","terms":[{"condition":"minecraft:location_check","predicate":{"position":{"y":{"min":130}}}},{"condition":"minecraft:location_check","offsetY":126,"predicate":{"block":{"blocks":["minecraft:air"]}}}]}},{"condition":"minecraft:inverted","term":{"condition":"minecraft:any_of","terms":[{"condition":"minecraft:location_check","predicate":{"position":{"y":{"min":129}}}},{"condition":"minecraft:location_check","offsetY":127,"predicate":{"block":{"blocks":["minecraft:air"]}}}]}},{"condition":"minecraft:inverted","term":{"condition":"minecraft:any_of","terms":[{"condition":"minecraft:location_check","predicate":{"position":{"y":{"min":128}}}},{"condition":"minecraft:location_check","offsetY":128,"predicate":{"block":{"blocks":["minecraft:air"]}}}]}},{"condition":"minecraft:inverted","term":{"condition":"minecraft:any_of","terms":[{"condition":"minecraft:location_check","predicate":{"position":{"y":{"min":127}}}},{"condition":"minecraft:location_check","offsetY":129,"predicate":{"block":{"blocks":["minecraft:air"]}}}]}},{"condition":"minecraft:inverted","term":{"condition":"minecraft:any_of","terms":[{"condition":"minecraft:location_check","predicate":{"position":{"y":{"min":126}}}},{"condition":"minecraft:location_check","offsetY":130,"predicate":{"block":{"blocks":["minecraft:air"]}}}]}},{"condition":"minecraft:inverted","term":{"condition":"minecraft:any_of","terms":[{"condition":"minecraft:location_check","predicate":{"position":{"y":{"min":125}}}},{"condition":"minecraft:location_check","offsetY":131,"predicate":{"block":{"blocks":["minecraft:air"]}}}]}},{"condition":"minecraft:inverted","term":{"condition":"minecraft:any_of","terms":[{"condition":"minecraft:location_check","predicate":{"position":{"y":{"min":124}}}},{"condition":"minecraft:location_check","offsetY":132,"predicate":{"block":{"blocks":["minecraft:air"]}}}]}},{"condition":"minecraft:inverted","term":{"condition":"minecraft:any_of","terms":[{"condition":"minecraft:location_check","predicate":{"position":{"y":{"min":123}}}},{"condition":"minecraft:location_check","offsetY":133,"predicate":{"block":{"blocks":["minecraft:air"]}}}]}},{"condition":"minecraft:inverted","term":{"condition":"minecraft:any_of","terms":[{"condition":"minecraft:location_check","predicate":{"position":{"y":{"min":122}}}},{"condition":"minecraft:location_check","offsetY":134,"predicate":{"block":{"blocks":["minecraft:air"]}}}]}},{"condition":"minecraft:inverted","term":{"condition":"minecraft:any_of","terms":[{"condition":"minecraft:location_check","predicate":{"position":{"y":{"min":121}}}},{"condition":"minecraft:location_check","offsetY":135,"predicate":{"block":{"blocks":["minecraft:air"]}}}]}},{"condition":"minecraft:inverted","term":{"condition":"minecraft:any_of","terms":[{"condition":"minecraft:location_check","predicate":{"position":{"y":{"min":120}}}},{"condition":"minecraft:location_check","offsetY":136,"predicate":{"block":{"blocks":["minecraft:air"]}}}]}},{"condition":"minecraft:inverted","term":{"condition":"minecraft:any_of","terms":[{"condition":"minecraft:location_check","predicate":{"position":{"y":{"min":119}}}},{"condition":"minecraft:location_check","offsetY":137,"predicate":{"block":{"blocks":["minecraft:air"]}}}]}},{"condition":"minecraft:inverted","term":{"condition":"minecraft:any_of","terms":[{"condition":"minecraft:location_check","predicate":{"position":{"y":{"min":118}}}},{"condition":"minecraft:location_check","offsetY":138,"predicate":{"block":{"blocks":["minecraft:air"]}}}]}},{"condition":"minecraft:inverted","term":{"condition":"minecraft:any_of","terms":[{"condition":"minecraft:location_check","predicate":{"position":{"y":{"min":117}}}},{"condition":"minecraft:location_check","offsetY":139,"predicate":{"block":{"blocks":["minecraft:air"]}}}]}},{"condition":"minecraft:inverted","term":{"condition":"minecraft:any_of","terms":[{"condition":"minecraft:location_check","predicate":{"position":{"y":{"min":116}}}},{"condition":"minecraft:location_check","offsetY":140,"predicate":{"block":{"blocks":["minecraft:air"]}}}]}},{"condition":"minecraft:inverted","term":{"condition":"minecraft:any_of","terms":[{"condition":"minecraft:location_check","predicate":{"position":{"y":{"min":115}}}},{"condition":"minecraft:location_check","offsetY":141,"predicate":{"block":{"blocks":["minecraft:air"]}}}]}},{"condition":"minecraft:inverted","term":{"condition":"minecraft:any_of","terms":[{"condition":"minecraft:location_check","predicate":{"position":{"y":{"min":114}}}},{"condition":"minecraft:location_check","offsetY":142,"predicate":{"block":{"blocks":["minecraft:air"]}}}]}},{"condition":"minecraft:inverted","term":{"condition":"minecraft:any_of","terms":[{"condition":"minecraft:location_check","predicate":{"position":{"y":{"min":113}}}},{"condition":"minecraft:location_check","offsetY":143,"predicate":{"block":{"blocks":["minecraft:air"]}}}]}},{"condition":"minecraft:inverted","term":{"condition":"minecraft:any_of","terms":[{"condition":"minecraft:location_check","predicate":{"position":{"y":{"min":112}}}},{"condition":"minecraft:location_check","offsetY":144,"predicate":{"block":{"blocks":["minecraft:air"]}}}]}},{"condition":"minecraft:inverted","term":{"condition":"minecraft:any_of","terms":[{"condition":"minecraft:location_check","predicate":{"position":{"y":{"min":111}}}},{"condition":"minecraft:location_check","offsetY":145,"predicate":{"block":{"blocks":["minecraft:air"]}}}]}},{"condition":"minecraft:inverted","term":{"condition":"minecraft:any_of","terms":[{"condition":"minecraft:location_check","predicate":{"position":{"y":{"min":110}}}},{"condition":"minecraft:location_check","offsetY":146,"predicate":{"block":{"blocks":["minecraft:air"]}}}]}},{"condition":"minecraft:inverted","term":{"condition":"minecraft:any_of","terms":[{"condition":"minecraft:location_check","predicate":{"position":{"y":{"min":109}}}},{"condition":"minecraft:location_check","offsetY":147,"predicate":{"block":{"blocks":["minecraft:air"]}}}]}},{"condition":"minecraft:inverted","term":{"condition":"minecraft:any_of","terms":[{"condition":"minecraft:location_check","predicate":{"position":{"y":{"min":108}}}},{"condition":"minecraft:location_check","offsetY":148,"predicate":{"block":{"blocks":["minecraft:air"]}}}]}},{"condition":"minecraft:inverted","term":{"condition":"minecraft:any_of","terms":[{"condition":"minecraft:location_check","predicate":{"position":{"y":{"min":107}}}},{"condition":"minecraft:location_check","offsetY":149,"predicate":{"block":{"blocks":["minecraft:air"]}}}]}},{"condition":"minecraft:inverted","term":{"condition":"minecraft:any_of","terms":[{"condition":"minecraft:location_check","predicate":{"position":{"y":{"min":106}}}},{"condition":"minecraft:location_check","offsetY":150,"predicate":{"block":{"blocks":["minecraft:air"]}}}]}},{"condition":"minecraft:inverted","term":{"condition":"minecraft:any_of","terms":[{"condition":"minecraft:location_check","predicate":{"position":{"y":{"min":105}}}},{"condition":"minecraft:location_check","offsetY":151,"predicate":{"block":{"blocks":["minecraft:air"]}}}]}},{"condition":"minecraft:inverted","term":{"condition":"minecraft:any_of","terms":[{"condition":"minecraft:location_check","predicate":{"position":{"y":{"min":104}}}},{"condition":"minecraft:location_check","offsetY":152,"predicate":{"block":{"blocks":["minecraft:air"]}}}]}},{"condition":"minecraft:inverted","term":{"condition":"minecraft:any_of","terms":[{"condition":"minecraft:location_check","predicate":{"position":{"y":{"min":103}}}},{"condition":"minecraft:location_check","offsetY":153,"predicate":{"block":{"blocks":["minecraft:air"]}}}]}},{"condition":"minecraft:inverted","term":{"condition":"minecraft:any_of","terms":[{"condition":"minecraft:location_check","predicate":{"position":{"y":{"min":102}}}},{"condition":"minecraft:location_check","offsetY":154,"predicate":{"block":{"blocks":["minecraft:air"]}}}]}},{"condition":"minecraft:inverted","term":{"condition":"minecraft:any_of","terms":[{"condition":"minecraft:location_check","predicate":{"position":{"y":{"min":101}}}},{"condition":"minecraft:location_check","offsetY":155,"predicate":{"block":{"blocks":["minecraft:air"]}}}]}},{"condition":"minecraft:inverted","term":{"condition":"minecraft:any_of","terms":[{"condition":"minecraft:location_check","predicate":{"position":{"y":{"min":100}}}},{"condition":"minecraft:location_check","offsetY":156,"predicate":{"block":{"blocks":["minecraft:air"]}}}]}},{"condition":"minecraft:inverted","term":{"condition":"minecraft:any_of","terms":[{"condition":"minecraft:location_check","predicate":{"position":{"y":{"min":99}}}},{"condition":"minecraft:location_check","offsetY":157,"predicate":{"block":{"blocks":["minecraft:air"]}}}]}},{"condition":"minecraft:inverted","term":{"condition":"minecraft:any_of","terms":[{"condition":"minecraft:location_check","predicate":{"position":{"y":{"min":98}}}},{"condition":"minecraft:location_check","offsetY":158,"predicate":{"block":{"blocks":["minecraft:air"]}}}]}},{"condition":"minecraft:inverted","term":{"condition":"minecraft:any_of","terms":[{"condition":"minecraft:location_check","predicate":{"position":{"y":{"min":97}}}},{"condition":"minecraft:location_check","offsetY":159,"predicate":{"block":{"blocks":["minecraft:air"]}}}]}},{"condition":"minecraft:inverted","term":{"condition":"minecraft:any_of","terms":[{"condition":"minecraft:location_check","predicate":{"position":{"y":{"min":96}}}},{"condition":"minecraft:location_check","offsetY":160,"predicate":{"block":{"blocks":["minecraft:air"]}}}]}},{"condition":"minecraft:inverted","term":{"condition":"minecraft:any_of","terms":[{"condition":"minecraft:location_check","predicate":{"position":{"y":{"min":95}}}},{"condition":"minecraft:location_check","offsetY":161,"predicate":{"block":{"blocks":["minecraft:air"]}}}]}},{"condition":"minecraft:inverted","term":{"condition":"minecraft:any_of","terms":[{"condition":"minecraft:location_check","predicate":{"position":{"y":{"min":94}}}},{"condition":"minecraft:location_check","offsetY":162,"predicate":{"block":{"blocks":["minecraft:air"]}}}]}},{"condition":"minecraft:inverted","term":{"condition":"minecraft:any_of","terms":[{"condition":"minecraft:location_check","predicate":{"position":{"y":{"min":93}}}},{"condition":"minecraft:location_check","offsetY":163,"predicate":{"block":{"blocks":["minecraft:air"]}}}]}},{"condition":"minecraft:inverted","term":{"condition":"minecraft:any_of","terms":[{"condition":"minecraft:location_check","predicate":{"position":{"y":{"min":92}}}},{"condition":"minecraft:location_check","offsetY":164,"predicate":{"block":{"blocks":["minecraft:air"]}}}]}},{"condition":"minecraft:inverted","term":{"condition":"minecraft:any_of","terms":[{"condition":"minecraft:location_check","predicate":{"position":{"y":{"min":91}}}},{"condition":"minecraft:location_check","offsetY":165,"predicate":{"block":{"blocks":["minecraft:air"]}}}]}},{"condition":"minecraft:inverted","term":{"condition":"minecraft:any_of","terms":[{"condition":"minecraft:location_check","predicate":{"position":{"y":{"min":90}}}},{"condition":"minecraft:location_check","offsetY":166,"predicate":{"block":{"blocks":["minecraft:air"]}}}]}},{"condition":"minecraft:inverted","term":{"condition":"minecraft:any_of","terms":[{"condition":"minecraft:location_check","predicate":{"position":{"y":{"min":89}}}},{"condition":"minecraft:location_check","offsetY":167,"predicate":{"block":{"blocks":["minecraft:air"]}}}]}},{"condition":"minecraft:inverted","term":{"condition":"minecraft:any_of","terms":[{"condition":"minecraft:location_check","predicate":{"position":{"y":{"min":88}}}},{"condition":"minecraft:location_check","offsetY":168,"predicate":{"block":{"blocks":["minecraft:air"]}}}]}},{"condition":"minecraft:inverted","term":{"condition":"minecraft:any_of","terms":[{"condition":"minecraft:location_check","predicate":{"position":{"y":{"min":87}}}},{"condition":"minecraft:location_check","offsetY":169,"predicate":{"block":{"blocks":["minecraft:air"]}}}]}},{"condition":"minecraft:inverted","term":{"condition":"minecraft:any_of","terms":[{"condition":"minecraft:location_check","predicate":{"position":{"y":{"min":86}}}},{"condition":"minecraft:location_check","offsetY":170,"predicate":{"block":{"blocks":["minecraft:air"]}}}]}},{"condition":"minecraft:inverted","term":{"condition":"minecraft:any_of","terms":[{"condition":"minecraft:location_check","predicate":{"position":{"y":{"min":85}}}},{"condition":"minecraft:location_check","offsetY":171,"predicate":{"block":{"blocks":["minecraft:air"]}}}]}},{"condition":"minecraft:inverted","term":{"condition":"minecraft:any_of","terms":[{"condition":"minecraft:location_check","predicate":{"position":{"y":{"min":84}}}},{"condition":"minecraft:location_check","offsetY":172,"predicate":{"block":{"blocks":["minecraft:air"]}}}]}},{"condition":"minecraft:inverted","term":{"condition":"minecraft:any_of","terms":[{"condition":"minecraft:location_check","predicate":{"position":{"y":{"min":83}}}},{"condition":"minecraft:location_check","offsetY":173,"predicate":{"block":{"blocks":["minecraft:air"]}}}]}},{"condition":"minecraft:inverted","term":{"condition":"minecraft:any_of","terms":[{"condition":"minecraft:location_check","predicate":{"position":{"y":{"min":82}}}},{"condition":"minecraft:location_check","offsetY":174,"predicate":{"block":{"blocks":["minecraft:air"]}}}]}},{"condition":"minecraft:inverted","term":{"condition":"minecraft:any_of","terms":[{"condition":"minecraft:location_check","predicate":{"position":{"y":{"min":81}}}},{"condition":"minecraft:location_check","offsetY":175,"predicate":{"block":{"blocks":["minecraft:air"]}}}]}},{"condition":"minecraft:inverted","term":{"condition":"minecraft:any_of","terms":[{"condition":"minecraft:location_check","predicate":{"position":{"y":{"min":80}}}},{"condition":"minecraft:location_check","offsetY":176,"predicate":{"block":{"blocks":["minecraft:air"]}}}]}},{"condition":"minecraft:inverted","term":{"condition":"minecraft:any_of","terms":[{"condition":"minecraft:location_check","predicate":{"position":{"y":{"min":79}}}},{"condition":"minecraft:location_check","offsetY":177,"predicate":{"block":{"blocks":["minecraft:air"]}}}]}},{"condition":"minecraft:inverted","term":{"condition":"minecraft:any_of","terms":[{"condition":"minecraft:location_check","predicate":{"position":{"y":{"min":78}}}},{"condition":"minecraft:location_check","offsetY":178,"predicate":{"block":{"blocks":["minecraft:air"]}}}]}},{"condition":"minecraft:inverted","term":{"condition":"minecraft:any_of","terms":[{"condition":"minecraft:location_check","predicate":{"position":{"y":{"min":77}}}},{"condition":"minecraft:location_check","offsetY":179,"predicate":{"block":{"blocks":["minecraft:air"]}}}]}},{"condition":"minecraft:inverted","term":{"condition":"minecraft:any_of","terms":[{"condition":"minecraft:location_check","predicate":{"position":{"y":{"min":76}}}},{"condition":"minecraft:location_check","offsetY":180,"predicate":{"block":{"blocks":["minecraft:air"]}}}]}},{"condition":"minecraft:inverted","term":{"condition":"minecraft:any_of","terms":[{"condition":"minecraft:location_check","predicate":{"position":{"y":{"min":75}}}},{"condition":"minecraft:location_check","offsetY":181,"predicate":{"block":{"blocks":["minecraft:air"]}}}]}},{"condition":"minecraft:inverted","term":{"condition":"minecraft:any_of","terms":[{"condition":"minecraft:location_check","predicate":{"position":{"y":{"min":74}}}},{"condition":"minecraft:location_check","offsetY":182,"predicate":{"block":{"blocks":["minecraft:air"]}}}]}},{"condition":"minecraft:inverted","term":{"condition":"minecraft:any_of","terms":[{"condition":"minecraft:location_check","predicate":{"position":{"y":{"min":73}}}},{"condition":"minecraft:location_check","offsetY":183,"predicate":{"block":{"blocks":["minecraft:air"]}}}]}},{"condition":"minecraft:inverted","term":{"condition":"minecraft:any_of","terms":[{"condition":"minecraft:location_check","predicate":{"position":{"y":{"min":72}}}},{"condition":"minecraft:location_check","offsetY":184,"predicate":{"block":{"blocks":["minecraft:air"]}}}]}},{"condition":"minecraft:inverted","term":{"condition":"minecraft:any_of","terms":[{"condition":"minecraft:location_check","predicate":{"position":{"y":{"min":71}}}},{"condition":"minecraft:location_check","offsetY":185,"predicate":{"block":{"blocks":["minecraft:air"]}}}]}},{"condition":"minecraft:inverted","term":{"condition":"minecraft:any_of","terms":[{"condition":"minecraft:location_check","predicate":{"position":{"y":{"min":70}}}},{"condition":"minecraft:location_check","offsetY":186,"predicate":{"block":{"blocks":["minecraft:air"]}}}]}},{"condition":"minecraft:inverted","term":{"condition":"minecraft:any_of","terms":[{"condition":"minecraft:location_check","predicate":{"position":{"y":{"min":69}}}},{"condition":"minecraft:location_check","offsetY":187,"predicate":{"block":{"blocks":["minecraft:air"]}}}]}},{"condition":"minecraft:inverted","term":{"condition":"minecraft:any_of","terms":[{"condition":"minecraft:location_check","predicate":{"position":{"y":{"min":68}}}},{"condition":"minecraft:location_check","offsetY":188,"predicate":{"block":{"blocks":["minecraft:air"]}}}]}},{"condition":"minecraft:inverted","term":{"condition":"minecraft:any_of","terms":[{"condition":"minecraft:location_check","predicate":{"position":{"y":{"min":67}}}},{"condition":"minecraft:location_check","offsetY":189,"predicate":{"block":{"blocks":["minecraft:air"]}}}]}},{"condition":"minecraft:inverted","term":{"condition":"minecraft:any_of","terms":[{"condition":"minecraft:location_check","predicate":{"position":{"y":{"min":66}}}},{"condition":"minecraft:location_check","offsetY":190,"predicate":{"block":{"blocks":["minecraft:air"]}}}]}},{"condition":"minecraft:inverted","term":{"condition":"minecraft:any_of","terms":[{"condition":"minecraft:location_check","predicate":{"position":{"y":{"min":65}}}},{"condition":"minecraft:location_check","offsetY":191,"predicate":{"block":{"blocks":["minecraft:air"]}}}]}},{"condition":"minecraft:inverted","term":{"condition":"minecraft:any_of","terms":[{"condition":"minecraft:location_check","predicate":{"position":{"y":{"min":64}}}},{"condition":"minecraft:location_check","offsetY":192,"predicate":{"block":{"blocks":["minecraft:air"]}}}]}},{"condition":"minecraft:inverted","term":{"condition":"minecraft:any_of","terms":[{"condition":"minecraft:location_check","predicate":{"position":{"y":{"min":63}}}},{"condition":"minecraft:location_check","offsetY":193,"predicate":{"block":{"blocks":["minecraft:air"]}}}]}},{"condition":"minecraft:inverted","term":{"condition":"minecraft:any_of","terms":[{"condition":"minecraft:location_check","predicate":{"position":{"y":{"min":62}}}},{"condition":"minecraft:location_check","offsetY":194,"predicate":{"block":{"blocks":["minecraft:air"]}}}]}},{"condition":"minecraft:inverted","term":{"condition":"minecraft:any_of","terms":[{"condition":"minecraft:location_check","predicate":{"position":{"y":{"min":61}}}},{"condition":"minecraft:location_check","offsetY":195,"predicate":{"block":{"blocks":["minecraft:air"]}}}]}},{"condition":"minecraft:inverted","term":{"condition":"minecraft:any_of","terms":[{"condition":"minecraft:location_check","predicate":{"position":{"y":{"min":60}}}},{"condition":"minecraft:location_check","offsetY":196,"predicate":{"block":{"blocks":["minecraft:air"]}}}]}},{"condition":"minecraft:inverted","term":{"condition":"minecraft:any_of","terms":[{"condition":"minecraft:location_check","predicate":{"position":{"y":{"min":59}}}},{"condition":"minecraft:location_check","offsetY":197,"predicate":{"block":{"blocks":["minecraft:air"]}}}]}},{"condition":"minecraft:inverted","term":{"condition":"minecraft:any_of","terms":[{"condition":"minecraft:location_check","predicate":{"position":{"y":{"min":58}}}},{"condition":"minecraft:location_check","offsetY":198,"predicate":{"block":{"blocks":["minecraft:air"]}}}]}},{"condition":"minecraft:inverted","term":{"condition":"minecraft:any_of","terms":[{"condition":"minecraft:location_check","predicate":{"position":{"y":{"min":57}}}},{"condition":"minecraft:location_check","offsetY":199,"predicate":{"block":{"blocks":["minecraft:air"]}}}]}},{"condition":"minecraft:inverted","term":{"condition":"minecraft:any_of","terms":[{"condition":"minecraft:location_check","predicate":{"position":{"y":{"min":56}}}},{"condition":"minecraft:location_check","offsetY":200,"predicate":{"block":{"blocks":["minecraft:air"]}}}]}},{"condition":"minecraft:inverted","term":{"condition":"minecraft:any_of","terms":[{"condition":"minecraft:location_check","predicate":{"position":{"y":{"min":55}}}},{"condition":"minecraft:location_check","offsetY":201,"predicate":{"block":{"blocks":["minecraft:air"]}}}]}},{"condition":"minecraft:inverted","term":{"condition":"minecraft:any_of","terms":[{"condition":"minecraft:location_check","predicate":{"position":{"y":{"min":54}}}},{"condition":"minecraft:location_check","offsetY":202,"predicate":{"block":{"blocks":["minecraft:air"]}}}]}},{"condition":"minecraft:inverted","term":{"condition":"minecraft:any_of","terms":[{"condition":"minecraft:location_check","predicate":{"position":{"y":{"min":53}}}},{"condition":"minecraft:location_check","offsetY":203,"predicate":{"block":{"blocks":["minecraft:air"]}}}]}},{"condition":"minecraft:inverted","term":{"condition":"minecraft:any_of","terms":[{"condition":"minecraft:location_check","predicate":{"position":{"y":{"min":52}}}},{"condition":"minecraft:location_check","offsetY":204,"predicate":{"block":{"blocks":["minecraft:air"]}}}]}},{"condition":"minecraft:inverted","term":{"condition":"minecraft:any_of","terms":[{"condition":"minecraft:location_check","predicate":{"position":{"y":{"min":51}}}},{"condition":"minecraft:location_check","offsetY":205,"predicate":{"block":{"blocks":["minecraft:air"]}}}]}},{"condition":"minecraft:inverted","term":{"condition":"minecraft:any_of","terms":[{"condition":"minecraft:location_check","predicate":{"position":{"y":{"min":50}}}},{"condition":"minecraft:location_check","offsetY":206,"predicate":{"block":{"blocks":["minecraft:air"]}}}]}},{"condition":"minecraft:inverted","term":{"condition":"minecraft:any_of","terms":[{"condition":"minecraft:location_check","predicate":{"position":{"y":{"min":49}}}},{"condition":"minecraft:location_check","offsetY":207,"predicate":{"block":{"blocks":["minecraft:air"]}}}]}},{"condition":"minecraft:inverted","term":{"condition":"minecraft:any_of","terms":[{"condition":"minecraft:location_check","predicate":{"position":{"y":{"min":48}}}},{"condition":"minecraft:location_check","offsetY":208,"predicate":{"block":{"blocks":["minecraft:air"]}}}]}},{"condition":"minecraft:inverted","term":{"condition":"minecraft:any_of","terms":[{"condition":"minecraft:location_check","predicate":{"position":{"y":{"min":47}}}},{"condition":"minecraft:location_check","offsetY":209,"predicate":{"block":{"blocks":["minecraft:air"]}}}]}},{"condition":"minecraft:inverted","term":{"condition":"minecraft:any_of","terms":[{"condition":"minecraft:location_check","predicate":{"position":{"y":{"min":46}}}},{"condition":"minecraft:location_check","offsetY":210,"predicate":{"block":{"blocks":["minecraft:air"]}}}]}},{"condition":"minecraft:inverted","term":{"condition":"minecraft:any_of","terms":[{"condition":"minecraft:location_check","predicate":{"position":{"y":{"min":45}}}},{"condition":"minecraft:location_check","offsetY":211,"predicate":{"block":{"blocks":["minecraft:air"]}}}]}},{"condition":"minecraft:inverted","term":{"condition":"minecraft:any_of","terms":[{"condition":"minecraft:location_check","predicate":{"position":{"y":{"min":44}}}},{"condition":"minecraft:location_check","offsetY":212,"predicate":{"block":{"blocks":["minecraft:air"]}}}]}},{"condition":"minecraft:inverted","term":{"condition":"minecraft:any_of","terms":[{"condition":"minecraft:location_check","predicate":{"position":{"y":{"min":43}}}},{"condition":"minecraft:location_check","offsetY":213,"predicate":{"block":{"blocks":["minecraft:air"]}}}]}},{"condition":"minecraft:inverted","term":{"condition":"minecraft:any_of","terms":[{"condition":"minecraft:location_check","predicate":{"position":{"y":{"min":42}}}},{"condition":"minecraft:location_check","offsetY":214,"predicate":{"block":{"blocks":["minecraft:air"]}}}]}},{"condition":"minecraft:inverted","term":{"condition":"minecraft:any_of","terms":[{"condition":"minecraft:location_check","predicate":{"position":{"y":{"min":41}}}},{"condition":"minecraft:location_check","offsetY":215,"predicate":{"block":{"blocks":["minecraft:air"]}}}]}},{"condition":"minecraft:inverted","term":{"condition":"minecraft:any_of","terms":[{"condition":"minecraft:location_check","predicate":{"position":{"y":{"min":40}}}},{"condition":"minecraft:location_check","offsetY":216,"predicate":{"block":{"blocks":["minecraft:air"]}}}]}},{"condition":"minecraft:inverted","term":{"condition":"minecraft:any_of","terms":[{"condition":"minecraft:location_check","predicate":{"position":{"y":{"min":39}}}},{"condition":"minecraft:location_check","offsetY":217,"predicate":{"block":{"blocks":["minecraft:air"]}}}]}},{"condition":"minecraft:inverted","term":{"condition":"minecraft:any_of","terms":[{"condition":"minecraft:location_check","predicate":{"position":{"y":{"min":38}}}},{"condition":"minecraft:location_check","offsetY":218,"predicate":{"block":{"blocks":["minecraft:air"]}}}]}},{"condition":"minecraft:inverted","term":{"condition":"minecraft:any_of","terms":[{"condition":"minecraft:location_check","predicate":{"position":{"y":{"min":37}}}},{"condition":"minecraft:location_check","offsetY":219,"predicate":{"block":{"blocks":["minecraft:air"]}}}]}},{"condition":"minecraft:inverted","term":{"condition":"minecraft:any_of","terms":[{"condition":"minecraft:location_check","predicate":{"position":{"y":{"min":36}}}},{"condition":"minecraft:location_check","offsetY":220,"predicate":{"block":{"blocks":["minecraft:air"]}}}]}},{"condition":"minecraft:inverted","term":{"condition":"minecraft:any_of","terms":[{"condition":"minecraft:location_check","predicate":{"position":{"y":{"min":35}}}},{"condition":"minecraft:location_check","offsetY":221,"predicate":{"block":{"blocks":["minecraft:air"]}}}]}},{"condition":"minecraft:inverted","term":{"condition":"minecraft:any_of","terms":[{"condition":"minecraft:location_check","predicate":{"position":{"y":{"min":34}}}},{"condition":"minecraft:location_check","offsetY":222,"predicate":{"block":{"blocks":["minecraft:air"]}}}]}},{"condition":"minecraft:inverted","term":{"condition":"minecraft:any_of","terms":[{"condition":"minecraft:location_check","predicate":{"position":{"y":{"min":33}}}},{"condition":"minecraft:location_check","offsetY":223,"predicate":{"block":{"blocks":["minecraft:air"]}}}]}},{"condition":"minecraft:inverted","term":{"condition":"minecraft:any_of","terms":[{"condition":"minecraft:location_check","predicate":{"position":{"y":{"min":32}}}},{"condition":"minecraft:location_check","offsetY":224,"predicate":{"block":{"blocks":["minecraft:air"]}}}]}},{"condition":"minecraft:inverted","term":{"condition":"minecraft:any_of","terms":[{"condition":"minecraft:location_check","predicate":{"position":{"y":{"min":31}}}},{"condition":"minecraft:location_check","offsetY":225,"predicate":{"block":{"blocks":["minecraft:air"]}}}]}},{"condition":"minecraft:inverted","term":{"condition":"minecraft:any_of","terms":[{"condition":"minecraft:location_check","predicate":{"position":{"y":{"min":30}}}},{"condition":"minecraft:location_check","offsetY":226,"predicate":{"block":{"blocks":["minecraft:air"]}}}]}},{"condition":"minecraft:inverted","term":{"condition":"minecraft:any_of","terms":[{"condition":"minecraft:location_check","predicate":{"position":{"y":{"min":29}}}},{"condition":"minecraft:location_check","offsetY":227,"predicate":{"block":{"blocks":["minecraft:air"]}}}]}},{"condition":"minecraft:inverted","term":{"condition":"minecraft:any_of","terms":[{"condition":"minecraft:location_check","predicate":{"position":{"y":{"min":28}}}},{"condition":"minecraft:location_check","offsetY":228,"predicate":{"block":{"blocks":["minecraft:air"]}}}]}},{"condition":"minecraft:inverted","term":{"condition":"minecraft:any_of","terms":[{"condition":"minecraft:location_check","predicate":{"position":{"y":{"min":27}}}},{"condition":"minecraft:location_check","offsetY":229,"predicate":{"block":{"blocks":["minecraft:air"]}}}]}},{"condition":"minecraft:inverted","term":{"condition":"minecraft:any_of","terms":[{"condition":"minecraft:location_check","predicate":{"position":{"y":{"min":26}}}},{"condition":"minecraft:location_check","offsetY":230,"predicate":{"block":{"blocks":["minecraft:air"]}}}]}},{"condition":"minecraft:inverted","term":{"condition":"minecraft:any_of","terms":[{"condition":"minecraft:location_check","predicate":{"position":{"y":{"min":25}}}},{"condition":"minecraft:location_check","offsetY":231,"predicate":{"block":{"blocks":["minecraft:air"]}}}]}},{"condition":"minecraft:inverted","term":{"condition":"minecraft:any_of","terms":[{"condition":"minecraft:location_check","predicate":{"position":{"y":{"min":24}}}},{"condition":"minecraft:location_check","offsetY":232,"predicate":{"block":{"blocks":["minecraft:air"]}}}]}},{"condition":"minecraft:inverted","term":{"condition":"minecraft:any_of","terms":[{"condition":"minecraft:location_check","predicate":{"position":{"y":{"min":23}}}},{"condition":"minecraft:location_check","offsetY":233,"predicate":{"block":{"blocks":["minecraft:air"]}}}]}},{"condition":"minecraft:inverted","term":{"condition":"minecraft:any_of","terms":[{"condition":"minecraft:location_check","predicate":{"position":{"y":{"min":22}}}},{"condition":"minecraft:location_check","offsetY":234,"predicate":{"block":{"blocks":["minecraft:air"]}}}]}},{"condition":"minecraft:inverted","term":{"condition":"minecraft:any_of","terms":[{"condition":"minecraft:location_check","predicate":{"position":{"y":{"min":21}}}},{"condition":"minecraft:location_check","offsetY":235,"predicate":{"block":{"blocks":["minecraft:air"]}}}]}},{"condition":"minecraft:inverted","term":{"condition":"minecraft:any_of","terms":[{"condition":"minecraft:location_check","predicate":{"position":{"y":{"min":20}}}},{"condition":"minecraft:location_check","offsetY":236,"predicate":{"block":{"blocks":["minecraft:air"]}}}]}},{"condition":"minecraft:inverted","term":{"condition":"minecraft:any_of","terms":[{"condition":"minecraft:location_check","predicate":{"position":{"y":{"min":19}}}},{"condition":"minecraft:location_check","offsetY":237,"predicate":{"block":{"blocks":["minecraft:air"]}}}]}},{"condition":"minecraft:inverted","term":{"condition":"minecraft:any_of","terms":[{"condition":"minecraft:location_check","predicate":{"position":{"y":{"min":18}}}},{"condition":"minecraft:location_check","offsetY":238,"predicate":{"block":{"blocks":["minecraft:air"]}}}]}},{"condition":"minecraft:inverted","term":{"condition":"minecraft:any_of","terms":[{"condition":"minecraft:location_check","predicate":{"position":{"y":{"min":17}}}},{"condition":"minecraft:location_check","offsetY":239,"predicate":{"block":{"blocks":["minecraft:air"]}}}]}},{"condition":"minecraft:inverted","term":{"condition":"minecraft:any_of","terms":[{"condition":"minecraft:location_check","predicate":{"position":{"y":{"min":16}}}},{"condition":"minecraft:location_check","offsetY":240,"predicate":{"block":{"blocks":["minecraft:air"]}}}]}},{"condition":"minecraft:inverted","term":{"condition":"minecraft:any_of","terms":[{"condition":"minecraft:location_check","predicate":{"position":{"y":{"min":15}}}},{"condition":"minecraft:location_check","offsetY":241,"predicate":{"block":{"blocks":["minecraft:air"]}}}]}},{"condition":"minecraft:inverted","term":{"condition":"minecraft:any_of","terms":[{"condition":"minecraft:location_check","predicate":{"position":{"y":{"min":14}}}},{"condition":"minecraft:location_check","offsetY":242,"predicate":{"block":{"blocks":["minecraft:air"]}}}]}},{"condition":"minecraft:inverted","term":{"condition":"minecraft:any_of","terms":[{"condition":"minecraft:location_check","predicate":{"position":{"y":{"min":13}}}},{"condition":"minecraft:location_check","offsetY":243,"predicate":{"block":{"blocks":["minecraft:air"]}}}]}},{"condition":"minecraft:inverted","term":{"condition":"minecraft:any_of","terms":[{"condition":"minecraft:location_check","predicate":{"position":{"y":{"min":12}}}},{"condition":"minecraft:location_check","offsetY":244,"predicate":{"block":{"blocks":["minecraft:air"]}}}]}},{"condition":"minecraft:inverted","term":{"condition":"minecraft:any_of","terms":[{"condition":"minecraft:location_check","predicate":{"position":{"y":{"min":11}}}},{"condition":"minecraft:location_check","offsetY":245,"predicate":{"block":{"blocks":["minecraft:air"]}}}]}},{"condition":"minecraft:inverted","term":{"condition":"minecraft:any_of","terms":[{"condition":"minecraft:location_check","predicate":{"position":{"y":{"min":10}}}},{"condition":"minecraft:location_check","offsetY":246,"predicate":{"block":{"blocks":["minecraft:air"]}}}]}},{"condition":"minecraft:inverted","term":{"condition":"minecraft:any_of","terms":[{"condition":"minecraft:location_check","predicate":{"position":{"y":{"min":9}}}},{"condition":"minecraft:location_check","offsetY":247,"predicate":{"block":{"blocks":["minecraft:air"]}}}]}},{"condition":"minecraft:inverted","term":{"condition":"minecraft:any_of","terms":[{"condition":"minecraft:location_check","predicate":{"position":{"y":{"min":8}}}},{"condition":"minecraft:location_check","offsetY":248,"predicate":{"block":{"blocks":["minecraft:air"]}}}]}},{"condition":"minecraft:inverted","term":{"condition":"minecraft:any_of","terms":[{"condition":"minecraft:location_check","predicate":{"position":{"y":{"min":7}}}},{"condition":"minecraft:location_check","offsetY":249,"predicate":{"block":{"blocks":["minecraft:air"]}}}]}},{"condition":"minecraft:inverted","term":{"condition":"minecraft:any_of","terms":[{"condition":"minecraft:location_check","predicate":{"position":{"y":{"min":6}}}},{"condition":"minecraft:location_check","offsetY":250,"predicate":{"block":{"blocks":["minecraft:air"]}}}]}},{"condition":"minecraft:inverted","term":{"condition":"minecraft:any_of","terms":[{"condition":"minecraft:location_check","predicate":{"position":{"y":{"min":5}}}},{"condition":"minecraft:location_check","offsetY":251,"predicate":{"block":{"blocks":["minecraft:air"]}}}]}},{"condition":"minecraft:inverted","term":{"condition":"minecraft:any_of","terms":[{"condition":"minecraft:location_check","predicate":{"position":{"y":{"min":4}}}},{"condition":"minecraft:location_check","offsetY":252,"predicate":{"block":{"blocks":["minecraft:air"]}}}]}},{"condition":"minecraft:inverted","term":{"condition":"minecraft:any_of","terms":[{"condition":"minecraft:location_check","predicate":{"position":{"y":{"min":3}}}},{"condition":"minecraft:location_check","offsetY":253,"predicate":{"block":{"blocks":["minecraft:air"]}}}]}},{"condition":"minecraft:inverted","term":{"condition":"minecraft:any_of","terms":[{"condition":"minecraft:location_check","predicate":{"position":{"y":{"min":2}}}},{"condition":"minecraft:location_check","offsetY":254,"predicate":{"block":{"blocks":["minecraft:air"]}}}]}},{"condition":"minecraft:inverted","term":{"condition":"minecraft:any_of","terms":[{"condition":"minecraft:location_check","predicate":{"position":{"y":{"min":1}}}},{"condition":"minecraft:location_check","offsetY":255,"predicate":{"block":{"blocks":["minecraft:air"]}}}]}}]}}]