[{"condition":"minecraft:location_check","offsetX":0,"offsetY":0,"offsetZ":0,"predicate":{"biome":"minecraft:snowy_taiga"}},{"condition":"minecraft:location_check","offsetX":0,"offsetY":1,"offsetZ":0,"predicate":{"biome":"minecraft:snowy_taiga"}},{"condition":"minecraft:location_check","offsetX":1,"offsetY":0,"offsetZ":0,"predicate":{"biome":"minecraft:snowy_taiga"}},{"condition":"minecraft:location_check","offsetX":-1,"offsetY":0,"offsetZ":0,"predicate":{"biome":"minecraft:snowy_taiga"}},{"condition":"minecraft:location_check","offsetX":0,"offsetY":0,"offsetZ":1,"predicate":{"biome":"minecraft:snowy_taiga"}},{"condition":"minecraft:location_check","offsetX":0,"offsetY":0,"offsetZ":-1,"predicate":{"biome":"minecraft:snowy_taiga"}},{"condition":"minecraft:location_check","offsetX":1,"offsetY":0,"offsetZ":1,"predicate":{"biome":"minecraft:snowy_taiga"}},{"condition":"minecraft:location_check","offsetX":-1,"offsetY":0,"offsetZ":1,"predicate":{"biome":"minecraft:snowy_taiga"}},{"condition":"minecraft:location_check","offsetX":1,"offsetY":0,"offsetZ":-1,"predicate":{"biome":"minecraft:snowy_taiga"}},{"condition":"minecraft:location_check","offsetX":-1,"offsetY":0,"offsetZ":-1,"predicate":{"biome":"minecraft:snowy_taiga"}}]