{
  "criteria": {
    "requirement": {
      "trigger": "minecraft:consume_item",
      "conditions": {
        "player": [
          {
            "condition": "minecraft:value_check",
            "value": {
              "type": "minecraft:score",
              "target": {
                "type": "minecraft:fixed",
                "name": "skyvoid_additions"
              },
              "score": "load.status"
            },
            "range": 1
          },
          {
            "condition": "minecraft:any_of",
            "terms": [
              {
                "condition": "minecraft:value_check",
                "value": {
                  "type": "minecraft:score",
                  "target": {
                    "type": "minecraft:fixed",
                    "name": "ominous_raid_captains"
                  },
                  "score": "skyvoid_config"
                },
                "range": 1
              }
            ]
          }
        ],
        "item": {
          "items": "minecraft:ominous_bottle",
          "components": {
            "minecraft:ominous_bottle_amplifier": 4
          }
        }
      }
    }
  },
  "rewards": {
    "function": "skyvoid_additions:mechanics/ominous_raid_captains/drink_bad_omen_5"
  }
}
