{"criteria":{"requirement":{"trigger":"minecraft:item_used_on_block","conditions":{"player":[{"condition":"minecraft:value_check","value":{"type":"minecraft:score","target":{"type":"minecraft:fixed","name":"skyvoid_additions"},"score":"load.status"},"range":1},{"condition":"minecraft:value_check","value":{"type":"minecraft:score","target":{"type":"minecraft:fixed","name":"spore_blossom_moss"},"score":"skyvoid_config"},"range":1}],"location":[{"condition":"minecraft:location_check","predicate":{"biome":"minecraft:lush_caves","block":{"blocks":["minecraft:moss_block"]}}},{"condition":"minecraft:match_tool","predicate":{"items":["minecraft:bone_meal"]}}]}}},"rewards":{"function":"skyvoid_additions:mechanics/spore_blossom_moss/find_block"}}