{"type":"minecraft:entity","pools":[{"rolls":1,"bonus_rolls":0,"entries":[{"type":"minecraft:item","name":"minecraft:phantom_membrane","functions":[{"function":"minecraft:set_count","count":{"type":"minecraft:uniform","min":0,"max":1},"add":false},{"function":"minecraft:looting_enchant","count":{"type":"minecraft:uniform","min":0,"max":1}}]}],"conditions":[{"condition":"minecraft:killed_by_player"}]},{"rolls":1,"entries":[{"type":"minecraft:item","name":"minecraft:elytra","functions":[{"function":"minecraft:set_damage","damage":0}]}],"conditions":[{"condition":"minecraft:killed_by_player"},{"condition":"minecraft:random_chance_with_looting","chance":0.01,"looting_multiplier":0.002}]}]}