{"processors":[{"processor_type":"minecraft:rule","rules":[{"location_predicate":{"predicate_type":"minecraft:always_true"},"input_predicate":{"predicate_type":"minecraft:random_block_match","block":"minecraft:stone_bricks","probability":0.4},"output_state":{"Name":"minecraft:mossy_stone_bricks"}},{"location_predicate":{"predicate_type":"minecraft:always_true"},"input_predicate":{"predicate_type":"minecraft:random_block_match","block":"minecraft:stone_bricks","probability":0.4},"output_state":{"Name":"minecraft:cracked_stone_bricks"}},{"location_predicate":{"predicate_type":"minecraft:always_true"},"input_predicate":{"predicate_type":"minecraft:random_blockstate_match","block_state":{"Name":"minecraft:end_portal_frame","Properties":{"eye":"false","facing":"north"}},"probability":0.133333},"output_state":{"Name":"minecraft:end_portal_frame","Properties":{"eye":"true","facing":"north"}}},{"location_predicate":{"predicate_type":"minecraft:always_true"},"input_predicate":{"predicate_type":"minecraft:random_blockstate_match","block_state":{"Name":"minecraft:end_portal_frame","Properties":{"eye":"false","facing":"south"}},"probability":0.133333},"output_state":{"Name":"minecraft:end_portal_frame","Properties":{"eye":"true","facing":"south"}}},{"location_predicate":{"predicate_type":"minecraft:always_true"},"input_predicate":{"predicate_type":"minecraft:random_blockstate_match","block_state":{"Name":"minecraft:end_portal_frame","Properties":{"eye":"false","facing":"east"}},"probability":0.133333},"output_state":{"Name":"minecraft:end_portal_frame","Properties":{"eye":"true","facing":"east"}}},{"location_predicate":{"predicate_type":"minecraft:always_true"},"input_predicate":{"predicate_type":"minecraft:random_block_match","block":"minecraft:stone_bricks","probability":0.2},"output_state":{"Name":"minecraft:cracked_stone_bricks"}},{"location_predicate":{"predicate_type":"minecraft:always_true"},"input_predicate":{"predicate_type":"minecraft:random_block_match","block":"minecraft:stone_bricks","probability":0.3},"output_state":{"Name":"minecraft:mossy_stone_bricks"}},{"location_predicate":{"predicate_type":"minecraft:always_true"},"input_predicate":{"predicate_type":"minecraft:random_block_match","block":"minecraft:stone_bricks","probability":0.05},"output_state":{"Name":"minecraft:infested_stone_bricks"}}]}]}