{"type":"minecraft:entity","pools":[{"rolls":1,"bonus_rolls":0,"entries":[{"type":"minecraft:item","name":"minecraft:ender_pearl","functions":[{"function":"minecraft:set_count","count":{"type":"minecraft:uniform","min":0,"max":1},"add":false},{"function":"minecraft:looting_enchant","count":{"type":"minecraft:uniform","min":0,"max":1}}]}]},{"rolls":1,"entries":[{"type":"minecraft:item","name":"minecraft:end_portal_frame","conditions":[{"condition":"minecraft:location_check","predicate":{"dimension":"minecraft:overworld"}},{"condition":"minecraft:random_chance","chance":0.25},{"condition":"minecraft:damage_source_properties","predicate":{"tags":[{"id":"skyvoid_additions:is_sonic_boom","expected":true}],"source_entity":{"type":"minecraft:warden"}}},{"condition":"minecraft:value_check","value":{"type":"minecraft:score","target":{"type":"minecraft:fixed","name":"skyvoid_additions"},"score":"load.status"},"range":1},{"condition":"minecraft:value_check","value":{"type":"minecraft:score","target":{"type":"minecraft:fixed","name":"portal_frame_from_enderman"},"score":"skyvoid_config"},"range":1}]}]}],"random_sequence":"minecraft:entities/enderman","__smithed__":{"rules":[{"type":"smithed:append","target":"pools","source":{"type":"smithed:reference","path":"pools[1]"}}]}}