{"type":"minecraft:generic","pools":[{"rolls":1,"entries":[{"type":"minecraft:item","name":"minecraft:podzol","functions":[{"function":"minecraft:set_count","count":3}]},{"type":"minecraft:item","name":"minecraft:mycelium","functions":[{"function":"minecraft:set_count","count":3}]},{"type":"minecraft:item","name":"minecraft:grass_block","conditions":[{"condition":"minecraft:value_check","value":{"type":"minecraft:score","target":{"type":"minecraft:fixed","name":"grass_from_traders"},"score":"skyvoid_config"},"range":1}]},{"type":"minecraft:item","name":"minecraft:packed_ice"}]},{"rolls":1,"entries":[{"type":"minecraft:item","name":"minecraft:emerald","functions":[{"function":"minecraft:set_count","count":3}]}]}]}