{
  "type": "minecraft:entity",
  "pools": [
    {
      "rolls": 1,
      "entries": [
        {
          "type": "minecraft:item",
          "name": "minecraft:dragon_head",
          "conditions": [
            {
              "condition": "minecraft:value_check",
              "value": {
                "type": "minecraft:score",
                "target": {
                  "type": "minecraft:fixed",
                  "name": "skyvoid_additions"
                },
                "score": "load.status"
              },
              "range": 1
            },
            {
              "condition": "minecraft:value_check",
              "value": {
                "type": "minecraft:score",
                "target": {
                  "type": "minecraft:fixed",
                  "name": "dragon_head_drop"
                },
                "score": "skyvoid_config"
              },
              "range": 1
            },
            {
              "condition": "minecraft:damage_source_properties",
              "predicate": {
                "tags": [
                  {
                    "id": "minecraft:is_explosion",
                    "expected": true
                  }
                ],
                "source_entity": {
                  "type": "minecraft:creeper",
                  "nbt": "{powered:1b}"
                }
              }
            }
          ]
        }
      ]
    },
    {
      "rolls": 1,
      "entries": [
        {
          "type": "minecraft:item",
          "name": "minecraft:dragon_egg",
          "conditions": [
            {
              "condition": "minecraft:value_check",
              "value": {
                "type": "minecraft:score",
                "target": {
                  "type": "minecraft:fixed",
                  "name": "skyvoid_additions"
                },
                "score": "load.status"
              },
              "range": 1
            },
            {
              "condition": "minecraft:value_check",
              "value": {
                "type": "minecraft:score",
                "target": {
                  "type": "minecraft:fixed",
                  "name": "dragon_egg_drop"
                },
                "score": "skyvoid_config"
              },
              "range": 1
            },
            {
              "condition": "minecraft:random_chance_with_looting",
              "chance": 0.025,
              "looting_multiplier": 0.0833
            }
          ]
        }
      ]
    },
    {
      "rolls": 1,
      "entries": [
        {
          "type": "minecraft:item",
          "name": "minecraft:elytra",
          "functions": [
            {
              "function": "minecraft:set_damage",
              "damage": 0
            }
          ],
          "conditions": [
            {
              "condition": "minecraft:value_check",
              "value": {
                "type": "minecraft:score",
                "target": {
                  "type": "minecraft:fixed",
                  "name": "skyvoid_additions"
                },
                "score": "load.status"
              },
              "range": 1
            },
            {
              "condition": "minecraft:value_check",
              "value": {
                "type": "minecraft:score",
                "target": {
                  "type": "minecraft:fixed",
                  "name": "dragon_elytra_drop"
                },
                "score": "skyvoid_config"
              },
              "range": 1
            },
            {
              "condition": "minecraft:killed_by_player"
            },
            {
              "condition": "minecraft:random_chance_with_looting",
              "chance": 0.1,
              "looting_multiplier": 0.1
            }
          ]
        }
      ]
    }
  ],
  "random_sequence": "minecraft:entities/ender_dragon",
  "__smithed__": {
    "rules": [
      {
        "type": "append",
        "target": "pools",
        "source": {
          "type": "reference",
          "path": "pools[0]"
        }
      },
      {
        "type": "append",
        "target": "pools",
        "source": {
          "type": "reference",
          "path": "pools[1]"
        }
      },
      {
        "type": "append",
        "target": "pools",
        "source": {
          "type": "reference",
          "path": "pools[2]"
        }
      }
    ]
  }
}
