{
  "type": "minecraft:entity",
  "pools": [
    {
      "rolls": 1,
      "bonus_rolls": 0,
      "entries": [
        {
          "type": "minecraft:item",
          "name": "minecraft:emerald",
          "functions": [
            {
              "function": "minecraft:set_count",
              "count": {
                "type": "minecraft:uniform",
                "min": 0,
                "max": 1
              },
              "add": false
            },
            {
              "function": "minecraft:enchanted_count_increase",
              "enchantment": "minecraft:looting",
              "count": {
                "type": "minecraft:uniform",
                "min": 0,
                "max": 1
              }
            }
          ]
        }
      ],
      "conditions": [
        {
          "condition": "minecraft:killed_by_player"
        }
      ]
    },
    {
      "rolls": 1,
      "bonus_rolls": 0,
      "entries": [
        {
          "type": "minecraft:item",
          "name": "minecraft:ominous_trial_key",
          "conditions": [
            {
              "condition": "minecraft:random_chance_with_enchanted_bonus",
              "enchantment": "minecraft:looting",
              "unenchanted_chance": 0,
              "enchanted_chance": {
                "type": "minecraft:linear",
                "base": 0.025,
                "per_level_above_first": 0.025
              }
            },
            {
              "condition": "minecraft:damage_source_properties",
              "predicate": {
                "source_entity": {
                  "type": "minecraft:player",
                  "nbt": "{Tags:[\"skyvoid_additions_started_raid\"]}"
                }
              }
            }
          ]
        }
      ],
      "conditions": [
        {
          "condition": "minecraft:value_check",
          "value": {
            "type": "minecraft:score",
            "target": {
              "type": "minecraft:fixed",
              "name": "skyvoid_additions"
            },
            "score": "load.status"
          },
          "range": 1
        },
        {
          "condition": "minecraft:value_check",
          "value": {
            "type": "minecraft:score",
            "target": {
              "type": "minecraft:fixed",
              "name": "key_from_ominous_raid_captains"
            },
            "score": "skyvoid_config"
          },
          "range": 1
        },
        {
          "condition": "minecraft:entity_properties",
          "entity": "this",
          "predicate": {
            "type_specific": {
              "type": "minecraft:raider",
              "has_raid": true,
              "is_captain": true
            }
          }
        }
      ]
    }
  ],
  "random_sequence": "minecraft:entities/vindicator",
  "__smithed__": {
    "rules": [
      {
        "type": "append",
        "target": "pools",
        "source": {
          "type": "reference",
          "path": "pools[1]"
        }
      }
    ]
  }
}
