{
  "display": {
    "icon": {
      "item": "minecraft:charcoal"
    },
    "title": {
      "translate": "advancements.skyvoid.overworld.furnace.title",
      "fallback": "Burnt Logs"
    },
    "description": {
      "translate": "advancements.skyvoid.overworld.furance.description",
      "fallback": "Smelt Logs into Charcoal"
    },
    "frame": "task",
    "show_toast": true,
    "announce_to_chat": true,
    "hidden": false
  },
  "parent": "skyvoid_advancements:overworld/furnace",
  "criteria": {
    "charcoal": {
      "trigger": "minecraft:inventory_changed",
      "conditions": {
        "items": [
          {
            "items": [
              "minecraft:charcoal"
            ]
          }
        ]
      }
    }
  },
  "sends_telemetry_event": true
}
