{
  "display": {
    "icon": {
      "item": "minecraft:emerald"
    },
    "title": {
      "translate": "advancements.skyvoid.overworld.emerald.title",
      "fallback": "Time to Trade!"
    },
    "description": {
      "translate": "advancements.skyvoid.overworld.emerald.description",
      "fallback": "Obtain an Emerald"
    },
    "frame": "task",
    "show_toast": false,
    "announce_to_chat": false,
    "hidden": false
  },
  "parent": "minecraft:story/cure_zombie_villager",
  "criteria": {
    "emerald": {
      "trigger": "minecraft:inventory_changed",
      "conditions": {
        "items": [
          {
            "items": [
              "minecraft:emerald"
            ]
          }
        ]
      }
    }
  },
  "sends_telemetry_event": true
}
