{
  "display": {
    "icon": {
      "item": "minecraft:wooden_hoe"
    },
    "title": {
      "translate": "advancements.skyvoid.overworld.farm.title",
      "fallback": "Time to Farm!"
    },
    "description": {
      "translate": "advancements.skyvoid.overworld.farm.description",
      "fallback": "Use planks and sticks to make a hoe"
    },
    "frame": "task",
    "show_toast": true,
    "announce_to_chat": true,
    "hidden": false
  },
  "parent": "minecraft:story/root",
  "criteria": {
    "wooden_hoe": {
      "trigger": "minecraft:inventory_changed",
      "conditions": {
        "items": [
          {
            "items": [
              "minecraft:wooden_hoe"
            ]
          }
        ]
      }
    }
  },
  "sends_telemetry_event": true
}
