{
  "display": {
    "icon": {
      "item": "minecraft:porkchop"
    },
    "title": {
      "translate": "advancements.skyvoid.overworld.passive_animals.title",
      "fallback": "New Friends"
    },
    "description": {
      "translate": "advancements.skyvoid.overworld.passive_animals.description",
      "fallback": "Create a patch of grass and stand 24-48 blocks away to let passive mobs spawn.  Then breed them."
    },
    "frame": "goal",
    "show_toast": true,
    "announce_to_chat": false,
    "hidden": false
  },
  "parent": "skyvoid_advancements:overworld/farm",
  "criteria": {
    "breed": {
      "trigger": "minecraft:bred_animals",
      "conditions": {}
    }
  },
  "sends_telemetry_event": true
}
