{
  "display": {
    "icon": {
      "item": "minecraft:oak_sapling"
    },
    "title": {
      "translate": "advancements.skyvoid.overworld.sapling.title",
      "fallback": "Please Drop..."
    },
    "description": {
      "translate": "advancements.skyvoid.overworld.sapling.description",
      "fallback": "Obtain another Sapling"
    },
    "frame": "task",
    "show_toast": true,
    "announce_to_chat": true,
    "hidden": false
  },
  "parent": "skyvoid_advancements:overworld/wood",
  "criteria": {
    "oak_sapling": {
      "trigger": "minecraft:inventory_changed",
      "conditions": {
        "items": [
          {
            "items": [
              "minecraft:oak_sapling"
            ]
          }
        ]
      }
    }
  },
  "sends_telemetry_event": true
}
