{
  "display": {
    "icon": {
      "item": "minecraft:string"
    },
    "title": {
      "translate": "advancements.skyvoid.overworld.spider.title",
      "fallback": "Spider Hunter"
    },
    "description": {
      "translate": "advancements.skyvoid.overworld.spider.description",
      "fallback": "Kill a Spider"
    },
    "frame": "task",
    "show_toast": true,
    "announce_to_chat": true,
    "hidden": false
  },
  "parent": "skyvoid_advancements:overworld/mob_farm",
  "criteria": {
    "spider": {
      "trigger": "minecraft:player_killed_entity",
      "conditions": {
        "entity": [
          {
            "condition": "minecraft:entity_properties",
            "entity": "this",
            "predicate": {
              "type": "minecraft:spider"
            }
          }
        ]
      }
    }
  },
  "sends_telemetry_event": true
}
