{
  "display": {
    "icon": {
      "item": "minecraft:oak_log"
    },
    "title": {
      "translate": "advancements.skyvoid.overworld.wood.title",
      "fallback": "Getting Wood"
    },
    "description": {
      "translate": "advancements.skyvoid.overworld.wood.description",
      "fallback": "Attack a tree until a block of wood pops out"
    },
    "frame": "task",
    "show_toast": true,
    "announce_to_chat": true,
    "hidden": false
  },
  "parent": "skyvoid_advancements:overworld/root",
  "criteria": {
    "oak_log": {
      "trigger": "minecraft:inventory_changed",
      "conditions": {
        "items": [
          {
            "items": [
              "minecraft:oak_log"
            ]
          }
        ]
      }
    }
  },
  "sends_telemetry_event": true
}
