{"type":"minecraft:barter","pools":[{"rolls":1,"bonus_rolls":0,"entries":[{"type":"minecraft:item","weight":3,"name":"minecraft:music_disc_pigstep"},{"type":"minecraft:item","weight":8,"name":"minecraft:iron_ingot","functions":[{"function":"minecraft:set_count","count":{"min":1,"max":4}}]},{"type":"minecraft:item","weight":8,"name":"minecraft:potion","functions":[{"function":"minecraft:set_potion","id":"minecraft:fire_resistance"}]},{"type":"minecraft:item","weight":8,"name":"minecraft:splash_potion","functions":[{"function":"minecraft:set_potion","id":"minecraft:fire_resistance"}]},{"type":"minecraft:item","weight":10,"name":"minecraft:gilded_blackstone","functions":[{"function":"minecraft:set_count","count":{"min":1,"max":4}}]},{"type":"minecraft:item","weight":3,"name":"minecraft:piglin_banner_pattern"},{"type":"minecraft:item","weight":30,"name":"minecraft:nether_wart","functions":[{"function":"minecraft:set_count","count":{"min":1,"max":4}}]},{"type":"minecraft:item","weight":1,"name":"minecraft:diamond_horse_armor"},{"type":"minecraft:item","weight":2,"name":"minecraft:golden_horse_armor"},{"type":"minecraft:item","weight":3,"name":"minecraft:iron_horse_armor"},{"type":"minecraft:item","weight":40,"name":"minecraft:netherrack","functions":[{"function":"minecraft:set_count","count":{"min":4,"max":8}}]},{"type":"minecraft:item","weight":15,"name":"minecraft:obsidian"},{"type":"minecraft:item","weight":18,"name":"minecraft:soul_soil"}]}]}