{"type":"minecraft:fishing","pools":[{"rolls":1,"bonus_rolls":0,"entries":[{"type":"minecraft:item","weight":5,"name":"minecraft:name_tag"},{"type":"minecraft:item","weight":5,"name":"minecraft:saddle"},{"type":"minecraft:item","weight":5,"name":"minecraft:bow","functions":[{"function":"minecraft:set_damage","damage":{"type":"minecraft:uniform","min":0,"max":0.25},"add":false},{"function":"minecraft:enchant_with_levels","levels":30,"treasure":true}]},{"type":"minecraft:item","weight":5,"name":"minecraft:fishing_rod","functions":[{"function":"minecraft:set_damage","damage":{"type":"minecraft:uniform","min":0,"max":0.25},"add":false},{"function":"minecraft:enchant_with_levels","levels":30,"treasure":true}]},{"type":"minecraft:item","weight":5,"name":"minecraft:book","functions":[{"function":"minecraft:enchant_with_levels","levels":30,"treasure":true}]},{"type":"minecraft:item","weight":5,"name":"minecraft:nautilus_shell"},{"type":"minecraft:item","weight":1,"name":"minecraft:heart_of_the_sea","conditions":[{"condition":"minecraft:value_check","value":{"type":"minecraft:score","target":{"type":"minecraft:fixed","name":"skyvoid_additions"},"score":"load.status"},"range":1},{"condition":"minecraft:value_check","value":{"type":"minecraft:score","target":{"type":"minecraft:fixed","name":"heart_of_the_sea_from_fishing"},"score":"skyvoid_config"},"range":1},{"condition":"minecraft:any_of","terms":[{"condition":"minecraft:location_check","predicate":{"biome":"minecraft:deep_cold_ocean"}},{"condition":"minecraft:location_check","predicate":{"biome":"minecraft:deep_frozen_ocean"}},{"condition":"minecraft:location_check","predicate":{"biome":"minecraft:deep_lukewarm_ocean"}},{"condition":"minecraft:location_check","predicate":{"biome":"minecraft:deep_ocean"}}]}]}]}],"random_sequence":"minecraft:gameplay/fishing/treasure"}