{"type":"minecraft:generic","pools":[{"rolls":1,"entries":[{"type":"minecraft:empty","weight":100},{"type":"minecraft:item","weight":200,"name":"minecraft:magma_block"},{"type":"minecraft:item","weight":100,"name":"minecraft:tuff"},{"type":"minecraft:item","weight":60,"name":"minecraft:deepslate_coal_ore"},{"type":"minecraft:item","weight":45,"name":"minecraft:deepslate_iron_ore"},{"type":"minecraft:item","weight":35,"name":"minecraft:deepslate_lapis_ore"},{"type":"minecraft:item","weight":35,"name":"minecraft:deepslate_redstone_ore"},{"type":"minecraft:item","weight":30,"name":"minecraft:deepslate_gold_ore"},{"type":"minecraft:item","weight":25,"name":"minecraft:deepslate_copper_ore"},{"type":"minecraft:item","weight":2,"name":"minecraft:deepslate_diamond_ore"},{"type":"minecraft:item","weight":1,"name":"minecraft:deepslate_emerald_ore"}]}]}