{"criteria":{"requirement":{"trigger":"minecraft:placed_block","conditions":{"player":[{"condition":"minecraft:any_of","terms":[{"condition":"minecraft:entity_properties","entity":"this","predicate":{"equipment":{"mainhand":{"items":["minecraft:lava_bucket"]}}}},{"condition":"minecraft:entity_properties","entity":"this","predicate":{"equipment":{"offhand":{"items":["minecraft:lava_bucket"]},"mainhand":{"count":0}}}}]},{"condition":"minecraft:value_check","value":{"type":"minecraft:score","target":{"type":"minecraft:fixed","name":"skyvoid_additions"},"score":"load.status"},"range":1},{"condition":"minecraft:value_check","value":{"type":"minecraft:score","target":{"type":"minecraft:fixed","name":"amethyst_geode_creation"},"score":"skyvoid_config"},"range":1}],"location":[{"condition":"minecraft:location_check","predicate":{"block":{"blocks":["minecraft:lava"]}}}]}}},"rewards":{"function":"skyvoid_additions:mechanics/amethyst_geode_creation/summon_marker/placed_lava"}}