{"type":"minecraft:generic","pools":[{"rolls":1,"entries":[{"type":"minecraft:loot_table","weight":46,"name":"skyvoid_additions:gameplay/trader_additions/normal_trade/1_emerald"},{"type":"minecraft:loot_table","weight":1,"name":"skyvoid_additions:gameplay/trader_additions/normal_trade/1_emerald","conditions":[{"condition":"minecraft:value_check","value":{"type":"minecraft:score","target":{"type":"minecraft:fixed","name":"sweet_berries_from_traders"},"score":"skyvoid_config"},"range":1}]},{"type":"minecraft:loot_table","weight":6,"name":"skyvoid_additions:gameplay/trader_additions/normal_trade/2_emeralds"},{"type":"minecraft:loot_table","weight":7,"name":"skyvoid_additions:gameplay/trader_additions/normal_trade/3_emeralds"},{"type":"minecraft:loot_table","weight":2,"name":"skyvoid_additions:gameplay/trader_additions/normal_trade/4_emeralds"},{"type":"minecraft:loot_table","weight":8,"name":"skyvoid_additions:gameplay/trader_additions/normal_trade/5_emeralds"}]}]}