{
  "carvers": {},
  "downfall": 0.5,
  "effects": {
    "fog_color": 10518688,
    "mood_sound": {
      "block_search_extent": 8,
      "offset": 2.0,
      "sound": "minecraft:ambient.cave",
      "tick_delay": 6000
    },
    "sky_color": 0,
    "water_color": 4159204,
    "water_fog_color": 329011
  },
  "features": [
    [],
    [],
    [],
    [],
    [],
    [],
    [],
    [
      "skyvoid_worldgen:geode_purge_initial/0",
      "skyvoid_worldgen:geode_purge_initial/16",
      "skyvoid_worldgen:geode_purge_initial/32",
      "skyvoid_worldgen:geode_purge_initial/48",
      "skyvoid_worldgen:geode_purge_initial/64",
      "skyvoid_worldgen:geode_purge_initial/80",
      "skyvoid_worldgen:geode_purge_initial/96",
      "skyvoid_worldgen:geode_purge_initial/112"
    ],
    [],
    [
      "minecraft:end_spike"
    ],
    [],
    [
      "skyvoid_worldgen:geode_purge_final/0",
      "skyvoid_worldgen:geode_purge_final/16",
      "skyvoid_worldgen:geode_purge_final/32",
      "skyvoid_worldgen:geode_purge_final/48",
      "skyvoid_worldgen:geode_purge_final/64",
      "skyvoid_worldgen:geode_purge_final/80",
      "skyvoid_worldgen:geode_purge_final/96",
      "skyvoid_worldgen:geode_purge_final/112"
    ],
    [
      "skyvoid_worldgen:end_fix"
    ]
  ],
  "has_precipitation": false,
  "spawn_costs": {},
  "spawners": {
    "ambient": [],
    "axolotls": [],
    "creature": [],
    "misc": [],
    "monster": [
      {
        "type": "minecraft:enderman",
        "maxCount": 4,
        "minCount": 4,
        "weight": 10
      }
    ],
    "underground_water_creature": [],
    "water_ambient": [],
    "water_creature": []
  },
  "temperature": 0.5
}
