{
  "display": {
    "icon": {
      "item": "minecraft:crafting_table"
    },
    "title": {
      "translate": "advancements.skyvoid.overworld.crafting_table.title",
      "fallback": "Benchmarking"
    },
    "description": {
      "translate": "advancements.skyvoid.overworld.crafting_table.description",
      "fallback": "Craft a workbench with four blocks of planks"
    },
    "frame": "task",
    "show_toast": true,
    "announce_to_chat": true,
    "hidden": false
  },
  "parent": "skyvoid_advancements:overworld/wood",
  "criteria": {
    "crafting_table": {
      "trigger": "minecraft:inventory_changed",
      "conditions": {
        "items": [
          {
            "items": [
              "minecraft:crafting_table"
            ]
          }
        ]
      }
    }
  },
  "sends_telemetry_event": true
}
