{"carvers":{},"downfall":0.4,"effects":{"fog_color":12638463,"mood_sound":{"block_search_extent":8,"offset":2.0,"sound":"minecraft:ambient.cave","tick_delay":6000},"music":{"max_delay":24000,"min_delay":12000,"replace_current_music":false,"sound":"minecraft:music.overworld.deep_dark"},"sky_color":7907327,"water_color":4159204,"water_fog_color":329011},"features":[[],[],[],[],[],[],[],[],[],["minecraft:flower_plains"],["skyvoid_worldgen:purge/overworld_second_layer"]],"has_precipitation":true,"spawn_costs":{},"spawners":{"ambient":[],"axolotls":[],"creature":[],"misc":[],"monster":[],"underground_water_creature":[],"water_ambient":[],"water_creature":[]},"temperature":0.8}