{
  "aquifers_enabled": false,
  "default_block": {
    "Name": "minecraft:jigsaw",
    "Properties": {
      "orientation": "down_north"
    }
  },
  "default_fluid": {
    "Name": "minecraft:water",
    "Properties": {
      "level": "0"
    }
  },
  "disable_mob_generation": false,
  "legacy_random_source": false,
  "noise": {
    "height": 384,
    "min_y": -64,
    "size_horizontal": 1,
    "size_vertical": 1
  },
  "noise_router": {
    "barrier": -1,
    "continents": "minecraft:overworld/noise_router/continents",
    "depth": "minecraft:overworld/noise_router/depth",
    "erosion": "minecraft:overworld/noise_router/erosion",
    "final_density": "minecraft:overworld/noise_router/final_density",
    "fluid_level_floodedness": -1,
    "fluid_level_spread": -1,
    "initial_density_without_jaggedness": "minecraft:overworld/noise_router/initial_density_without_jaggedness",
    "lava": -1,
    "ridges": "minecraft:overworld/noise_router/ridges",
    "temperature": "minecraft:overworld/noise_router/temperature",
    "vegetation": "minecraft:overworld/noise_router/vegetation",
    "vein_gap": -1,
    "vein_ridged": -1,
    "vein_toggle": -1
  },
  "ore_veins_enabled": false,
  "sea_level": 63,
  "spawn_target": [
    {
      "continentalness": [
        -0.11,
        1.0
      ],
      "depth": 0.0,
      "erosion": [
        -1.0,
        1.0
      ],
      "humidity": [
        -1.0,
        1.0
      ],
      "offset": 0.0,
      "temperature": [
        -1.0,
        1.0
      ],
      "weirdness": [
        -1.0,
        -0.16
      ]
    },
    {
      "continentalness": [
        -0.11,
        1.0
      ],
      "depth": 0.0,
      "erosion": [
        -1.0,
        1.0
      ],
      "humidity": [
        -1.0,
        1.0
      ],
      "offset": 0.0,
      "temperature": [
        -1.0,
        1.0
      ],
      "weirdness": [
        0.16,
        1.0
      ]
    }
  ],
  "surface_rule": {
    "type": "minecraft:sequence",
    "sequence": [
      {
        "type": "minecraft:condition",
        "if_true": {
          "type": "minecraft:not",
          "invert": {
            "type": "minecraft:stone_depth",
            "offset": 0,
            "surface_type": "floor",
            "add_surface_depth": true,
            "secondary_depth_range": 20
          }
        },
        "then_run": {
          "type": "minecraft:block",
          "result_state": {
            "Name": "minecraft:air"
          }
        }
      }
    ]
  }
}
