{
  "display": {
    "icon": {
      "item": "minecraft:carrot"
    },
    "title": {
      "translate": "advancements.skyvoid.overworld.breed_pigs.title",
      "fallback": "Pig Farmer"
    },
    "description": {
      "translate": "advancements.skyvoid.overworld.breed_pigs.description",
      "fallback": "Breed Pigs.  Lots of 'em."
    },
    "frame": "task",
    "show_toast": true,
    "announce_to_chat": false,
    "hidden": false
  },
  "parent": "skyvoid_advancements:overworld/farm",
  "criteria": {
    "pig": {
      "trigger": "minecraft:bred_animals",
      "conditions": {
        "child": [
          {
            "condition": "minecraft:entity_properties",
            "entity": "this",
            "predicate": {
              "type": "minecraft:pig"
            }
          }
        ]
      }
    }
  },
  "sends_telemetry_event": true
}
