{
  "display": {
    "icon": {
      "item": "minecraft:ender_pearl"
    },
    "title": {
      "translate": "advancements.skyvoid.overworld.ender_pearl.title",
      "fallback": "Enderman Hunter"
    },
    "description": {
      "translate": "advancements.skyvoid.overworld.ender_pearl.description",
      "fallback": "Obtain an Ender Pearl"
    },
    "frame": "task",
    "show_toast": true,
    "announce_to_chat": true,
    "hidden": false
  },
  "parent": "skyvoid_advancements:overworld/mob_farm",
  "criteria": {
    "ender_pearl": {
      "trigger": "minecraft:inventory_changed",
      "conditions": {
        "items": [
          {
            "items": [
              "minecraft:ender_pearl"
            ]
          }
        ]
      }
    }
  },
  "sends_telemetry_event": true
}
