{
  "display": {
    "icon": {
      "item": "minecraft:furnace"
    },
    "title": {
      "translate": "advancements.skyvoid.overworld.furnace.title",
      "fallback": "Hot Topic"
    },
    "description": {
      "translate": "advancements.skyvoid.overworld.furance.description",
      "fallback": "Craft a Furnace"
    },
    "frame": "task",
    "show_toast": true,
    "announce_to_chat": true,
    "hidden": false
  },
  "parent": "minecraft:story/mine_stone",
  "criteria": {
    "furnace": {
      "trigger": "minecraft:inventory_changed",
      "conditions": {
        "items": [
          {
            "items": [
              "minecraft:furnace"
            ]
          }
        ]
      }
    }
  },
  "sends_telemetry_event": true
}
