{
  "display": {
    "icon": {
      "item": "minecraft:lightning_rod"
    },
    "title": {
      "translate": "advancements.skyvoid.overworld.lightning_pig.title",
      "fallback": "Terrifying Lightning"
    },
    "description": {
      "translate": "advancements.skyvoid.overworld.lightning_pig.description",
      "fallback": "Witness a Pig being struck by lightning and transforming into a Zombified Piglin"
    },
    "frame": "goal",
    "show_toast": true,
    "announce_to_chat": true,
    "hidden": false
  },
  "parent": "skyvoid_advancements:overworld/copper",
  "criteria": {
    "lightning_rod_pigs": {
      "trigger": "minecraft:lightning_strike",
      "conditions": {
        "player": {
          "type_specific": {
            "type": "player",
            "looking_at": {
              "type": "minecraft:zombified_piglin"
            }
          }
        },
        "lightning": [
          {
            "condition": "minecraft:entity_properties",
            "entity": "this",
            "predicate": {
              "distance": {
                "absolute": {
                  "max": 30
                }
              }
            }
          }
        ]
      }
    }
  },
  "sends_telemetry_event": true
}
