{
  "display": {
    "icon": {
      "item": "minecraft:obsidian"
    },
    "title": {
      "translate": "advancements.skyvoid.overworld.obsidian.title",
      "fallback": "Oops!"
    },
    "description": {
      "translate": "advancements.skyvoid.overworld.obsidian.description",
      "fallback": "Turn your lava into obsidian"
    },
    "frame": "goal",
    "show_toast": true,
    "announce_to_chat": true,
    "hidden": true
  },
  "parent": "skyvoid_advancements:overworld/cobble_gen",
  "criteria": {
    "obsidian": {
      "trigger": "minecraft:impossible"
    }
  },
  "sends_telemetry_event": true
}
