{
  "display": {
    "icon": {
      "item": "minecraft:tnt"
    },
    "title": {
      "translate": "advancements.skyvoid.overworld.tnt.title",
      "fallback": "What's That For?"
    },
    "description": {
      "translate": "advancements.skyvoid.overworld.tnt.description",
      "fallback": "Craft a TNT"
    },
    "frame": "task",
    "show_toast": true,
    "announce_to_chat": true,
    "hidden": false
  },
  "parent": "skyvoid_advancements:overworld/creeper_hunter",
  "criteria": {
    "tnt": {
      "trigger": "minecraft:inventory_changed",
      "conditions": {
        "items": [
          {
            "items": [
              "minecraft:tnt"
            ]
          }
        ]
      }
    }
  },
  "sends_telemetry_event": true
}
