{
  "display": {
    "icon": {
      "item": "minecraft:flint_and_steel"
    },
    "title": {
      "translate": "advancements.story.enter_the_nether.title"
    },
    "description": [
      {
        "translate": "advancements.story.enter_the_nether.description"
      },
      {
        "translate": "advancements.skyvoid.overworld.enter_the_nether.description.1",
        "fallback": "\n\nPlace lava next to the base of the nether portal and a burnable block on top of the lava in front of the entrance of the portal\n\n"
      },
      {
        "translate": "skyvoid.second",
        "fallback": "%1$s",
        "with": [
          [
            {  
              "text": "  Front    |   Side\n"
            },
            {
              "text": " _ ",
              "color": "white"
            },
            {
              "text": "O O",
              "color": "#4605a8"
            },
            {
              "text": " _ ",
              "color": "white"
            },
            {
              "text": "  |  "
            },
            {
              "text": " _ ",
              "color": "white"
            },
            {
              "text": "O \n O",
              "color": "#4605a8"
            },
            {
              "text": " _ _ ",
              "color": "white"
            },
            {
              "text": "O",
              "color": "#4605a8"
            },
            {
              "text": "   |   "
            },
            {
              "text": "_ ",
              "color": "white"
            },
            {
              "text": "O \n O",
              "color": "#4605a8"
            },
            {
              "text": " B ",
              "color": "#80452a"
            },
            {
              "text": "_ ",
              "color": "white"
            },
            {
              "text": "O",
              "color": "#4605a8"
            },
            {
              "text": "   |   "
            },
            {
              "text": "B ",
              "color": "#80452a"
            },
            {
              "text": "O \n",
              "color": "#4605a8"
            },
            {
              "text": " _ ",
              "color": "white"
            },
            {
              "text": "L L",
              "color": "#FF7D33"
            },
            {
              "text": " _",
              "color": "white"
            },
            {
              "text": "   |   "
            },
            {
              "text": "L ",
              "color": "#FF7D33"
            },
            {
              "text": "O \n",
              "color": "#4605a8"
            }
          ],
          {
            "translate": "gui.skyvoid.advancement.nether_portal",
            "color": "white",
            "font": "skyvoid:advancements"
          }
        ]
      }
    ],
    "frame": "goal",
    "show_toast": true,
    "announce_to_chat": true,
    "hidden": false
  },
  "parent": "minecraft:story/form_obsidian",
  "criteria": {
    "entered_nether": {
      "trigger": "minecraft:changed_dimension",
      "conditions": {
        "to": "minecraft:the_nether"
      }
    }
  },
  "requirements": [
    [
      "entered_nether"
    ]
  ],
  "sends_telemetry_event": true
}
