{
  "display": {
    "icon": {
      "item": "minecraft:iron_ingot"
    },
    "title": {
      "translate": "advancements.story.smelt_iron.title"
    },
    "description": {
      "translate": "advancements.skyvoid.overworld.smelt_iron.description",
      "fallback": "Obtain an Iron Ingot from a Zombie"
    },
    "frame": "task",
    "show_toast": true,
    "announce_to_chat": true,
    "hidden": false
  },
  "parent": "skyvoid_advancements:overworld/zombie_hunter",
  "criteria": {
    "iron": {
      "trigger": "minecraft:inventory_changed",
      "conditions": {
        "items": [
          {
            "items": [
              "minecraft:iron_ingot"
            ]
          }
        ]
      }
    }
  },
  "sends_telemetry_event": true
}
