{"type":"minecraft:generic","pools":[{"rolls":1,"entries":[{"type":"minecraft:item","name":"minecraft:cactus"},{"type":"minecraft:item","name":"minecraft:brain_coral_block"},{"type":"minecraft:item","name":"minecraft:bubble_coral_block"},{"type":"minecraft:item","name":"minecraft:fire_coral_block"},{"type":"minecraft:item","name":"minecraft:horn_coral_block"},{"type":"minecraft:item","name":"minecraft:tube_coral_block"},{"type":"minecraft:item","name":"minecraft:kelp"}]},{"rolls":1,"entries":[{"type":"minecraft:item","name":"minecraft:emerald","functions":[{"function":"minecraft:set_count","count":3}]}]}]}