{"carvers":{},"downfall":0.5,"effects":{"fog_color":12638463,"mood_sound":{"block_search_extent":8,"offset":2.0,"sound":"minecraft:ambient.cave","tick_delay":6000},"sky_color":8103167,"water_color":4020182,"water_fog_color":329011},"features":[[],[],[],[],[],[],[],[],[],["minecraft:flower_default"],["skyvoid_worldgen:purge/overworld_second_layer"]],"has_precipitation":true,"spawn_costs":{},"spawners":{"ambient":[{"type":"minecraft:bat","maxCount":8,"minCount":8,"weight":10}],"axolotls":[],"creature":[],"misc":[],"monster":[{"type":"minecraft:spider","maxCount":4,"minCount":4,"weight":100},{"type":"minecraft:zombie","maxCount":4,"minCount":4,"weight":95},{"type":"minecraft:zombie_villager","maxCount":1,"minCount":1,"weight":5},{"type":"minecraft:skeleton","maxCount":4,"minCount":4,"weight":100},{"type":"minecraft:creeper","maxCount":4,"minCount":4,"weight":100},{"type":"minecraft:slime","maxCount":4,"minCount":4,"weight":100},{"type":"minecraft:enderman","maxCount":4,"minCount":1,"weight":10},{"type":"minecraft:witch","maxCount":1,"minCount":1,"weight":5},{"type":"minecraft:drowned","maxCount":1,"minCount":1,"weight":5}],"underground_water_creature":[{"type":"minecraft:glow_squid","maxCount":6,"minCount":4,"weight":10}],"water_ambient":[{"type":"minecraft:cod","maxCount":6,"minCount":3,"weight":15},{"type":"minecraft:salmon","maxCount":5,"minCount":1,"weight":15}],"water_creature":[{"type":"minecraft:squid","maxCount":4,"minCount":1,"weight":3}]},"temperature":0.5}