{"carvers":{},"downfall":0.0,"effects":{"fog_color":12638463,"mood_sound":{"block_search_extent":8,"offset":2.0,"sound":"minecraft:ambient.cave","tick_delay":6000},"sky_color":7254527,"water_color":4159204,"water_fog_color":329011},"features":[[],[],[],[],[],[],[],[],[],["minecraft:flower_warm"],["skyvoid_worldgen:purge/overworld_second_layer"]],"has_precipitation":false,"spawn_costs":{},"spawners":{"ambient":[{"type":"minecraft:bat","maxCount":8,"minCount":8,"weight":10}],"axolotls":[],"creature":[{"type":"minecraft:sheep","maxCount":4,"minCount":4,"weight":12},{"type":"minecraft:pig","maxCount":4,"minCount":4,"weight":10},{"type":"minecraft:chicken","maxCount":4,"minCount":4,"weight":10},{"type":"minecraft:cow","maxCount":4,"minCount":4,"weight":8},{"type":"minecraft:horse","maxCount":6,"minCount":2,"weight":1},{"type":"minecraft:donkey","maxCount":1,"minCount":1,"weight":1}],"misc":[],"monster":[{"type":"minecraft:spider","maxCount":4,"minCount":4,"weight":100},{"type":"minecraft:zombie","maxCount":4,"minCount":4,"weight":95},{"type":"minecraft:zombie_villager","maxCount":1,"minCount":1,"weight":5},{"type":"minecraft:skeleton","maxCount":4,"minCount":4,"weight":100},{"type":"minecraft:creeper","maxCount":4,"minCount":4,"weight":100},{"type":"minecraft:slime","maxCount":4,"minCount":4,"weight":100},{"type":"minecraft:enderman","maxCount":4,"minCount":1,"weight":10},{"type":"minecraft:witch","maxCount":1,"minCount":1,"weight":5}],"underground_water_creature":[{"type":"minecraft:glow_squid","maxCount":6,"minCount":4,"weight":10}],"water_ambient":[],"water_creature":[]},"temperature":2.0}