{"type":"minecraft:command","pools":[{"rolls":1,"bonus_rolls":0,"entries":[{"type":"minecraft:empty","weight":20},{"type":"minecraft:item","name":"minecraft:stick","weight":10,"functions":[{"function":"minecraft:set_nbt","tag":"{skyvoid_additions:{suspicious_block:{LootTable:'minecraft:archaeology/ocean_ruin_warm'}}}"}]},{"type":"minecraft:item","name":"minecraft:stick","weight":8,"functions":[{"function":"minecraft:set_nbt","tag":"{skyvoid_additions:{suspicious_block:{LootTable:'minecraft:archaeology/desert_pyramid'}}}"}]},{"type":"minecraft:item","name":"minecraft:stick","weight":2,"functions":[{"function":"minecraft:set_nbt","tag":"{skyvoid_additions:{suspicious_block:{LootTable:'minecraft:archaeology/desert_well'}}}"}]},{"type":"minecraft:item","name":"minecraft:stick","weight":1000,"functions":[{"function":"minecraft:set_nbt","tag":"{skyvoid_additions:{suspicious_block:{LootTable:'minecraft:archaeology/ocean_ruin_warm'}}}"}],"conditions":[{"condition":"minecraft:location_check","predicate":{"biome":"minecraft:warm_ocean"}}]},{"type":"minecraft:item","name":"minecraft:stick","weight":800,"functions":[{"function":"minecraft:set_nbt","tag":"{skyvoid_additions:{suspicious_block:{LootTable:'minecraft:archaeology/desert_pyramid'}}}"}],"conditions":[{"condition":"minecraft:location_check","predicate":{"biome":"minecraft:desert"}}]},{"type":"minecraft:item","name":"minecraft:stick","weight":200,"functions":[{"function":"minecraft:set_nbt","tag":"{skyvoid_additions:{suspicious_block:{LootTable:'minecraft:archaeology/desert_well'}}}"}],"conditions":[{"condition":"minecraft:location_check","predicate":{"biome":"minecraft:desert"}}]}]}]}