{"type":"minecraft:command","pools":[{"rolls":1,"bonus_rolls":0,"entries":[{"type":"minecraft:empty","weight":20},{"type":"minecraft:item","weight":10,"name":"minecraft:stick","functions":[{"function":"minecraft:set_nbt","tag":"{skyvoid_additions:{suspicious_block:{LootTable:'minecraft:archaeology/ocean_ruin_cold'}}}"}]},{"type":"minecraft:item","weight":8,"name":"minecraft:stick","functions":[{"function":"minecraft:set_nbt","tag":"{skyvoid_additions:{suspicious_block:{LootTable:'minecraft:archaeology/trail_ruins_common'}}}"}]},{"type":"minecraft:item","weight":2,"name":"minecraft:stick","functions":[{"function":"minecraft:set_nbt","tag":"{skyvoid_additions:{suspicious_block:{LootTable:'minecraft:archaeology/trail_ruins_rare'}}}"}]},{"type":"minecraft:item","weight":1000,"name":"minecraft:stick","functions":[{"function":"minecraft:set_nbt","tag":"{skyvoid_additions:{suspicious_block:{LootTable:'minecraft:archaeology/ocean_ruin_cold'}}}"}],"conditions":[{"condition":"minecraft:any_of","terms":[{"condition":"minecraft:location_check","predicate":{"biome":"minecraft:cold_ocean"}},{"condition":"minecraft:location_check","predicate":{"biome":"minecraft:deep_cold_ocean"}}]}]},{"type":"minecraft:item","weight":800,"name":"minecraft:stick","functions":[{"function":"minecraft:set_nbt","tag":"{skyvoid_additions:{suspicious_block:{LootTable:'minecraft:archaeology/trail_ruins_common'}}}"}],"conditions":[{"condition":"minecraft:any_of","terms":[{"condition":"minecraft:location_check","predicate":{"biome":"minecraft:taiga"}},{"condition":"minecraft:location_check","predicate":{"biome":"minecraft:snowy_taiga"}},{"condition":"minecraft:location_check","predicate":{"biome":"minecraft:old_growth_pine_taiga"}},{"condition":"minecraft:location_check","predicate":{"biome":"minecraft:old_growth_spruce_taiga"}},{"condition":"minecraft:location_check","predicate":{"biome":"minecraft:old_growth_birch_forest"}},{"condition":"minecraft:location_check","predicate":{"biome":"minecraft:jungle"}}]}]},{"type":"minecraft:item","weight":200,"name":"minecraft:stick","functions":[{"function":"minecraft:set_nbt","tag":"{skyvoid_additions:{suspicious_block:{LootTable:'minecraft:archaeology/trail_ruins_rare'}}}"}],"conditions":[{"condition":"minecraft:any_of","terms":[{"condition":"minecraft:location_check","predicate":{"biome":"minecraft:taiga"}},{"condition":"minecraft:location_check","predicate":{"biome":"minecraft:snowy_taiga"}},{"condition":"minecraft:location_check","predicate":{"biome":"minecraft:old_growth_pine_taiga"}},{"condition":"minecraft:location_check","predicate":{"biome":"minecraft:old_growth_spruce_taiga"}},{"condition":"minecraft:location_check","predicate":{"biome":"minecraft:old_growth_birch_forest"}},{"condition":"minecraft:location_check","predicate":{"biome":"minecraft:jungle"}}]}]},{"type":"minecraft:item","weight":5,"name":"minecraft:stick","functions":[{"function":"minecraft:set_nbt","tag":"{skyvoid_additions:{suspicious_block:{LootTable:'minecraft:chests/bastion_other'}}}"}],"conditions":[{"condition":"minecraft:location_check","predicate":{"structure":"minecraft:bastion_remnant"}},{"condition":"minecraft:value_check","value":{"type":"minecraft:score","target":{"type":"minecraft:fixed","name":"bastion_loot_gravel"},"score":"skyvoid_config"},"range":1}]}]}]}