{"type":"minecraft:gift","pools":[{"rolls":1,"bonus_rolls":0,"entries":[{"type":"minecraft:empty"},{"type":"minecraft:item","name":"minecraft:host_armor_trim_smithing_template","conditions":[{"condition":"minecraft:any_of","terms":[{"condition":"minecraft:location_check","predicate":{"biome":"minecraft:taiga"}},{"condition":"minecraft:location_check","predicate":{"biome":"minecraft:snowy_taiga"}},{"condition":"minecraft:location_check","predicate":{"biome":"minecraft:old_growth_pine_taiga"}},{"condition":"minecraft:location_check","predicate":{"biome":"minecraft:old_growth_spruce_taiga"}},{"condition":"minecraft:location_check","predicate":{"biome":"minecraft:old_growth_birch_forest"}},{"condition":"minecraft:location_check","predicate":{"biome":"minecraft:jungle"}}]}]},{"type":"minecraft:item","name":"minecraft:raiser_armor_trim_smithing_template","conditions":[{"condition":"minecraft:any_of","terms":[{"condition":"minecraft:location_check","predicate":{"biome":"minecraft:taiga"}},{"condition":"minecraft:location_check","predicate":{"biome":"minecraft:snowy_taiga"}},{"condition":"minecraft:location_check","predicate":{"biome":"minecraft:old_growth_pine_taiga"}},{"condition":"minecraft:location_check","predicate":{"biome":"minecraft:old_growth_spruce_taiga"}},{"condition":"minecraft:location_check","predicate":{"biome":"minecraft:old_growth_birch_forest"}},{"condition":"minecraft:location_check","predicate":{"biome":"minecraft:jungle"}}]}]},{"type":"minecraft:item","name":"minecraft:shaper_armor_trim_smithing_template","conditions":[{"condition":"minecraft:any_of","terms":[{"condition":"minecraft:location_check","predicate":{"biome":"minecraft:taiga"}},{"condition":"minecraft:location_check","predicate":{"biome":"minecraft:snowy_taiga"}},{"condition":"minecraft:location_check","predicate":{"biome":"minecraft:old_growth_pine_taiga"}},{"condition":"minecraft:location_check","predicate":{"biome":"minecraft:old_growth_spruce_taiga"}},{"condition":"minecraft:location_check","predicate":{"biome":"minecraft:old_growth_birch_forest"}},{"condition":"minecraft:location_check","predicate":{"biome":"minecraft:jungle"}}]}]},{"type":"minecraft:item","name":"minecraft:wayfinder_armor_trim_smithing_template","conditions":[{"condition":"minecraft:any_of","terms":[{"condition":"minecraft:location_check","predicate":{"biome":"minecraft:taiga"}},{"condition":"minecraft:location_check","predicate":{"biome":"minecraft:snowy_taiga"}},{"condition":"minecraft:location_check","predicate":{"biome":"minecraft:old_growth_pine_taiga"}},{"condition":"minecraft:location_check","predicate":{"biome":"minecraft:old_growth_spruce_taiga"}},{"condition":"minecraft:location_check","predicate":{"biome":"minecraft:old_growth_birch_forest"}},{"condition":"minecraft:location_check","predicate":{"biome":"minecraft:jungle"}}]}]},{"type":"minecraft:item","name":"minecraft:coast_armor_trim_smithing_template","conditions":[{"condition":"minecraft:any_of","terms":[{"condition":"minecraft:location_check","predicate":{"biome":"minecraft:deep_frozen_ocean"}},{"condition":"minecraft:location_check","predicate":{"biome":"minecraft:deep_cold_ocean"}},{"condition":"minecraft:location_check","predicate":{"biome":"minecraft:deep_ocean"}},{"condition":"minecraft:location_check","predicate":{"biome":"minecraft:deep_lukewarm_ocean"}},{"condition":"minecraft:location_check","predicate":{"biome":"minecraft:frozen_ocean"}},{"condition":"minecraft:location_check","predicate":{"biome":"minecraft:ocean"}},{"condition":"minecraft:location_check","predicate":{"biome":"minecraft:cold_ocean"}},{"condition":"minecraft:location_check","predicate":{"biome":"minecraft:lukewarm_ocean"}},{"condition":"minecraft:location_check","predicate":{"biome":"minecraft:warm_ocean"}}]}]},{"type":"minecraft:item","name":"minecraft:dune_armor_trim_smithing_template","conditions":[{"condition":"minecraft:location_check","predicate":{"biome":"minecraft:desert"}}]},{"type":"minecraft:item","name":"minecraft:eye_armor_trim_smithing_template","conditions":[{"condition":"minecraft:location_check","predicate":{"dimension":"minecraft:overworld"}}]},{"type":"minecraft:item","name":"minecraft:rib_armor_trim_smithing_template","conditions":[{"condition":"minecraft:location_check","predicate":{"structure":"minecraft:fortress"}}]},{"type":"minecraft:item","name":"minecraft:sentry_armor_trim_smithing_template","conditions":[{"condition":"minecraft:location_check","predicate":{"structure":"minecraft:pillager_outpost"}}]},{"type":"minecraft:item","name":"minecraft:silence_armor_trim_smithing_template","conditions":[{"condition":"minecraft:location_check","predicate":{"structure":"minecraft:ancient_city"}}]},{"type":"minecraft:item","name":"minecraft:snout_armor_trim_smithing_template","conditions":[{"condition":"minecraft:location_check","predicate":{"structure":"minecraft:bastion_remnant"}}]},{"type":"minecraft:item","name":"minecraft:spire_armor_trim_smithing_template","conditions":[{"condition":"minecraft:location_check","predicate":{"structure":"minecraft:end_city"}}]},{"type":"minecraft:item","name":"minecraft:vex_armor_trim_smithing_template","conditions":[{"condition":"minecraft:location_check","predicate":{"structure":"minecraft:mansion"}}]},{"type":"minecraft:item","name":"minecraft:wild_armor_trim_smithing_template","conditions":[{"condition":"minecraft:any_of","terms":[{"condition":"minecraft:location_check","predicate":{"biome":"minecraft:jungle"}},{"condition":"minecraft:location_check","predicate":{"biome":"minecraft:bamboo_jungle"}}]}]}]}],"random_sequence":"minecraft:gameplay/hero_of_the_village/armorer_gift"}