{
  "display": {
    "icon": {
      "item": "minecraft:lava_bucket"
    },
    "title": {
      "translate": "advancements.story.lava_bucket.title"
    },
    "description": {
      "translate": "advancements.skyvoid.overworld.lava_bucket.description",
      "fallback": "Have two Buckets filled with lava"
    },
    "frame": "task",
    "show_toast": true,
    "announce_to_chat": true,
    "hidden": false
  },
  "parent": "skyvoid_advancements:overworld/cauldron",
  "criteria": {
    "lava_bucket": {
      "trigger": "minecraft:impossible"
    }
  },
  "sends_telemetry_event": true
}
