{
  "display": {
    "icon": {
      "item": "minecraft:diamond"
    },
    "title": {
      "translate": "advancements.story.mine_diamond.title"
    },
    "description": {
      "translate": "advancements.story.mine_diamond.description"
    },
    "frame": "task",
    "show_toast": true,
    "announce_to_chat": true,
    "hidden": false
  },
  "parent": "minecraft:story/shiny_gear",
  "criteria": {
    "diamond": {
      "trigger": "minecraft:inventory_changed",
      "conditions": {
        "items": [
          {
            "items": [
              "minecraft:diamond"
            ]
          }
        ]
      }
    }
  },
  "sends_telemetry_event": true
}
