{
  "display": {
    "icon": {
      "item": "minecraft:wooden_pickaxe"
    },
    "title": {
      "translate": "advancements.skyvoid.overworld.wooden_pickaxe.title",
      "fallback": "Time to Mine!"
    },
    "description": {
      "translate": "advancements.skyvoid.overworld.wooden_pickaxe.description",
      "fallback": "Use planks and sticks to make a pickaxe"
    },
    "frame": "task",
    "show_toast": true,
    "announce_to_chat": true,
    "hidden": false
  },
  "parent": "minecraft:story/root",
  "criteria": {
    "wooden_pickaxe": {
      "trigger": "minecraft:inventory_changed",
      "conditions": {
        "items": [
          {
            "items": [
              "minecraft:wooden_pickaxe"
            ]
          }
        ]
      }
    }
  },
  "sends_telemetry_event": true
}
