{"criteria":{"requirement":{"trigger":"minecraft:player_hurt_entity","conditions":{"player":[{"condition":"minecraft:value_check","value":{"type":"minecraft:score","target":{"type":"minecraft:fixed","name":"skyvoid_additions"},"score":"load.status"},"range":1},{"condition":"minecraft:value_check","value":{"type":"minecraft:score","target":{"type":"minecraft:fixed","name":"echo_shards_from_amethyst"},"score":"skyvoid_config"},"range":1}],"entity":{"equipment":{"chest":{"items":["minecraft:golden_chestplate"]}}}}}},"rewards":{"function":"skyvoid_additions:mechanics/armor_chipping/hit_mob/gold"}}