{
  "type": "minecraft:fishing",
  "pools": [
    {
      "rolls": 1,
      "bonus_rolls": 0,
      "entries": [
        {
          "type": "minecraft:item",
          "name": "minecraft:name_tag",
          "weight": 5
        },
        {
          "type": "minecraft:item",
          "name": "minecraft:saddle",
          "weight": 5
        },
        {
          "type": "minecraft:item",
          "name": "minecraft:bow",
          "weight": 5,
          "functions": [
            {
              "function": "minecraft:set_damage",
              "damage": {
                "type": "minecraft:uniform",
                "min": 0,
                "max": 0.25
              },
              "add": false
            },
            {
              "function": "minecraft:enchant_with_levels",
              "levels": 30,
              "treasure": true
            }
          ]
        },
        {
          "type": "minecraft:item",
          "name": "minecraft:fishing_rod",
          "weight": 5,
          "functions": [
            {
              "function": "minecraft:set_damage",
              "damage": {
                "type": "minecraft:uniform",
                "min": 0,
                "max": 0.25
              },
              "add": false
            },
            {
              "function": "minecraft:enchant_with_levels",
              "levels": 30,
              "treasure": true
            }
          ]
        },
        {
          "type": "minecraft:item",
          "name": "minecraft:book",
          "weight": 5,
          "functions": [
            {
              "function": "minecraft:enchant_with_levels",
              "levels": 30,
              "treasure": true
            }
          ]
        },
        {
          "type": "minecraft:item",
          "name": "minecraft:nautilus_shell",
          "weight": 5
        },
        {
          "type": "minecraft:item",
          "name": "minecraft:heart_of_the_sea",
          "weight": 1,
          "conditions": [
            {
              "condition": "minecraft:value_check",
              "value": {
                "type": "minecraft:score",
                "target": {
                  "type": "minecraft:fixed",
                  "name": "skyvoid_additions"
                },
                "score": "load.status"
              },
              "range": 1
            },
            {
              "condition": "minecraft:value_check",
              "value": {
                "type": "minecraft:score",
                "target": {
                  "type": "minecraft:fixed",
                  "name": "heart_of_the_sea_from_fishing"
                },
                "score": "skyvoid_config"
              },
              "range": 1
            },
            {
              "condition": "minecraft:location_check",
              "predicate": {
                "biomes": "#minecraft:is_deep_ocean"
              }
            }
          ]
        }
      ]
    }
  ],
  "random_sequence": "minecraft:gameplay/fishing/treasure"
}
