{
  "display": {
    "icon": {
      "id": "minecraft:splash_potion",
      "components": {
        "minecraft:potion_contents": {
          "potion": "minecraft:weakness"
        }
      }
    },
    "title": {
      "translate": "advancements.skyvoid.overworld.zombie_villager.title",
      "fallback": "(Slightly Less) Dangerous Passenger"
    },
    "description": {
      "translate": "advancements.skyvoid.overworld.zombie_villager.description",
      "fallback": "Capture a Zombie Villager in a Boat"
    },
    "frame": "task",
    "show_toast": true,
    "announce_to_chat": false,
    "hidden": false
  },
  "parent": "skyvoid_advancements:overworld/witch",
  "criteria": {
    "zombie_villager_passenger": {
      "trigger": "minecraft:started_riding",
      "conditions": {
        "player": [
          {
            "condition": "minecraft:entity_properties",
            "entity": "this",
            "predicate": {
              "vehicle": {
                "type": "minecraft:boat",
                "passenger": {
                  "type": "minecraft:zombie_villager"
                }
              }
            }
          }
        ]
      }
    }
  },
  "sends_telemetry_event": true
}
