{"type":"minecraft:generic","pools":[{"rolls":1,"entries":[{"type":"minecraft:item","name":"minecraft:allium"},{"type":"minecraft:item","name":"minecraft:azure_bluet"},{"type":"minecraft:item","name":"minecraft:blue_orchid"},{"type":"minecraft:item","name":"minecraft:cornflower"},{"type":"minecraft:item","name":"minecraft:dandelion"},{"type":"minecraft:item","name":"minecraft:lily_of_the_valley"},{"type":"minecraft:item","name":"minecraft:orange_tulip"},{"type":"minecraft:item","name":"minecraft:oxeye_daisy"},{"type":"minecraft:item","name":"minecraft:pink_tulip"},{"type":"minecraft:item","name":"minecraft:poppy"},{"type":"minecraft:item","name":"minecraft:red_tulip"},{"type":"minecraft:item","name":"minecraft:white_tulip"},{"type":"minecraft:item","name":"minecraft:fern"},{"type":"minecraft:item","name":"minecraft:brown_mushroom"},{"type":"minecraft:item","name":"minecraft:red_mushroom"},{"type":"minecraft:item","name":"minecraft:beetroot_seeds"},{"type":"minecraft:item","name":"minecraft:melon_seeds"},{"type":"minecraft:item","name":"minecraft:pumpkin_seeds"},{"type":"minecraft:item","name":"minecraft:wheat_seeds"},{"type":"minecraft:item","name":"minecraft:pumpkin"},{"type":"minecraft:item","name":"minecraft:sugar_cane"},{"type":"minecraft:item","name":"minecraft:vine"},{"type":"minecraft:item","name":"minecraft:lily_pad","functions":[{"function":"minecraft:set_count","count":2}]},{"type":"minecraft:item","name":"minecraft:moss_block","functions":[{"function":"minecraft:set_count","count":2}]},{"type":"minecraft:item","name":"minecraft:pointed_dripstone","functions":[{"function":"minecraft:set_count","count":2}]},{"type":"minecraft:item","name":"minecraft:rooted_dirt","functions":[{"function":"minecraft:set_count","count":2}]},{"type":"minecraft:item","name":"minecraft:small_dripleaf","functions":[{"function":"minecraft:set_count","count":2}]},{"type":"minecraft:item","name":"minecraft:black_dye","functions":[{"function":"minecraft:set_count","count":3}]},{"type":"minecraft:item","name":"minecraft:blue_dye","functions":[{"function":"minecraft:set_count","count":3}]},{"type":"minecraft:item","name":"minecraft:brown_dye","functions":[{"function":"minecraft:set_count","count":3}]},{"type":"minecraft:item","name":"minecraft:cyan_dye","functions":[{"function":"minecraft:set_count","count":3}]},{"type":"minecraft:item","name":"minecraft:light_gray_dye","functions":[{"function":"minecraft:set_count","count":3}]},{"type":"minecraft:item","name":"minecraft:green_dye","functions":[{"function":"minecraft:set_count","count":3}]},{"type":"minecraft:item","name":"minecraft:light_blue_dye","functions":[{"function":"minecraft:set_count","count":3}]},{"type":"minecraft:item","name":"minecraft:light_gray_dye","functions":[{"function":"minecraft:set_count","count":3}]},{"type":"minecraft:item","name":"minecraft:lime_dye","functions":[{"function":"minecraft:set_count","count":3}]},{"type":"minecraft:item","name":"minecraft:magenta_dye","functions":[{"function":"minecraft:set_count","count":3}]},{"type":"minecraft:item","name":"minecraft:orange_dye","functions":[{"function":"minecraft:set_count","count":3}]},{"type":"minecraft:item","name":"minecraft:pink_dye","functions":[{"function":"minecraft:set_count","count":3}]},{"type":"minecraft:item","name":"minecraft:red_dye","functions":[{"function":"minecraft:set_count","count":3}]},{"type":"minecraft:item","name":"minecraft:white_dye","functions":[{"function":"minecraft:set_count","count":3}]},{"type":"minecraft:item","name":"minecraft:yellow_dye","functions":[{"function":"minecraft:set_count","count":3}]},{"type":"minecraft:item","name":"minecraft:red_sand","functions":[{"function":"minecraft:set_count","count":4}]},{"type":"minecraft:item","name":"minecraft:sand","functions":[{"function":"minecraft:set_count","count":8}]},{"type":"minecraft:item","name":"minecraft:glow_berries"},{"type":"minecraft:item","name":"minecraft:sweet_berries","conditions":[{"condition":"minecraft:value_check","value":{"type":"minecraft:score","target":{"type":"minecraft:fixed","name":"sweet_berries_from_traders"},"score":"skyvoid_config"},"range":1}]}]},{"rolls":1,"entries":[{"type":"minecraft:item","name":"minecraft:emerald"}]}]}