{
  "display": {
    "icon": {
      "item": "minecraft:ender_eye"
    },
    "title": {
      "translate": "advancements.story.follow_ender_eye.title"
    },
    "description": {
      "translate": "advancements.story.follow_ender_eye.description"
    },
    "frame": "task",
    "show_toast": true,
    "announce_to_chat": true,
    "hidden": false
  },
  "parent": "skyvoid_advancements:overworld/ender_pearl",
  "criteria": {
    "in_stronghold": {
      "trigger": "minecraft:location",
      "conditions": {
        "player": [
          {
            "condition": "minecraft:entity_properties",
            "entity": "this",
            "predicate": {
              "location": {
                "structure": "minecraft:stronghold"
              }
            }
          }
        ]
      }
    }
  },
  "requirements": [
    [
      "in_stronghold"
    ]
  ],
  "sends_telemetry_event": true
}
