{"type":"minecraft:jigsaw","biomes":"#minecraft:has_structure/ocean_monument","step":"surface_structures","spawn_overrides":{"axolotls":{"bounding_box":"full","spawns":[]},"monster":{"bounding_box":"full","spawns":[{"type":"minecraft:guardian","maxCount":4,"minCount":2,"weight":1}]},"underground_water_creature":{"bounding_box":"full","spawns":[]}},"start_pool":"skyvoid_worldgen:monument","size":3,"start_height":{"absolute":40},"start_jigsaw_name":"skyvoid_worldgen:monument_start","max_distance_from_center":80,"use_expansion_hack":false}