{
  "display": {
    "icon": {
      "item": "minecraft:stone_pickaxe"
    },
    "title": {
      "translate": "advancements.story.upgrade_tools.title"
    },
    "description": {
      "translate": "advancements.story.upgrade_tools.description"
    },
    "frame": "task",
    "show_toast": true,
    "announce_to_chat": true,
    "hidden": false
  },
  "parent": "skyvoid_advancements:overworld/cobble_gen",
  "criteria": {
    "stone_pickaxe": {
      "trigger": "minecraft:inventory_changed",
      "conditions": {
        "items": [
          {
            "items": [
              "minecraft:stone_pickaxe"
            ]
          }
        ]
      }
    }
  },
  "sends_telemetry_event": true
}
